sysTime,roll,pitch,yaw,ax,ay,az
4:7:52:38:25937,94.86,31.5,169.27,0.57,0.91,0.01
4:7:52:38:26049,89.31,31.39,166.11,0.6,0.9,0.1
4:7:52:38:26145,87.7,31.14,166.33,0.56,0.86,0.14
4:7:52:38:26257,86.87,31.33,168.03,0.52,0.85,0.15
4:7:52:39:26353,86.55,31.38,169.92,0.53,0.85,0.17
4:7:52:39:26449,86.44,31.36,172.07,0.53,0.82,0.15
4:7:52:39:26923,89.99,31.45,-176.11,0.53,0.82,0.1
4:7:52:39:27034,90.62,31.66,-174.45,0.53,0.82,0.09
4:7:52:39:27147,90.9,31.75,-173.26,0.53,0.81,0.08
4:7:52:39:27226,90.65,31.64,-172.24,0.53,0.83,0.08
4:7:52:39:27322,90.29,31.54,-171.51,0.54,0.84,0.07
4:7:52:40:27450,89.99,31.55,-170.93,0.54,0.85,0.08
4:7:52:40:27941,90,33.15,-164.62,0.54,0.84,0.05
4:7:52:40:28053,91.05,32.96,-163.49,0.52,0.81,0.03
4:7:52:40:28148,91.16,32.92,-163.22,0.53,0.81,0.02
4:7:52:40:28244,90.65,32.88,-163.6,0.49,0.79,0.02
4:7:52:40:28341,88.83,32.86,-165.3,0.47,0.83,0.01
4:7:52:41:28437,86.54,32.32,-167.01,0.56,0.89,0.08
4:7:52:41:28950,65.99,40.73,174.35,0.91,0.76,0.38
4:7:52:41:29047,69.93,42.47,-179.65,0.79,0.73,0.4
4:7:52:41:29143,78.29,48.1,-170.27,0.83,0.56,0.23
4:7:52:41:29239,88.78,54.68,-159.82,1.03,0.5,0.03
4:7:52:42:29351,91.57,55.33,-155.83,0.56,0.49,-0.13
4:7:52:42:29447,81.81,48.31,-167.44,0.43,1.16,0.51
4:7:52:42:29932,108.12,55.34,-156.73,0.95,1,0.02
4:7:52:42:30027,98.69,54.33,-150.98,0.36,0.56,0.14
4:7:52:42:30139,85.97,48.21,-153.64,0.38,1.04,0.36
4:7:52:42:30235,94.36,46.82,-157.01,1.19,0.98,0.43
4:7:52:42:30331,99.45,50.62,-166.92,0.82,-0.05,0.52
4:7:52:43:30427,91.15,47.81,-177.83,0.58,-0.02,0.31
4:7:52:43:30947,87.32,39.29,-168.33,0.99,1.11,1.14
4:7:52:43:31026,99.3,45.99,-169.43,0.81,0.29,0.69
4:7:52:43:31138,102.81,52.43,-172.38,0.44,-0.3,0.11
4:7:52:43:31235,110.01,49.48,-163.88,1.43,0.08,1.07
4:7:52:43:31331,102.71,47.91,-151.13,0.78,0.84,0.6
4:7:52:44:31426,90.04,41.25,-156.4,-0.33,1.08,-0.01
4:7:52:44:31950,106.69,50.55,-163.56,1.41,1.1,1.69
4:7:52:44:32045,93.21,44.13,-153.73,0.48,0.89,0.55
4:7:52:44:32158,79.82,34.34,-158.64,0.06,0.64,-0.12
4:7:52:44:32237,83.43,29.85,-160.52,0.27,1.52,0.93
4:7:52:45:32350,93.17,40.64,-163.19,1.21,0.52,1.44
4:7:52:45:32429,106.52,46.89,-159.77,0.37,-0.27,0.12
4:7:52:45:32936,94.04,46.26,-137.46,1.02,0.32,1.12
4:7:52:45:33047,113.5,44.28,-126.19,1.51,-0.08,1.14
4:7:52:45:33143,113.17,55.37,-127.59,0.49,-0.17,-0.15
4:7:52:45:33239,115.51,56.31,-113.66,0.75,-0.16,0.67
4:7:52:45:33336,107.81,42.4,-100.14,1.66,0.7,0.28
4:7:52:46:33432,82.62,45.72,-114.08,0.91,0.72,0.34
4:7:52:46:33986,114.99,54.87,-98.67,0.53,-0.45,-0.12
4:7:52:46:34034,94.63,50,-105.82,1.68,0.42,0.39
4:7:52:46:34129,78.55,45.93,-109.83,0.35,0.67,-0.07
4:7:52:46:34242,97.04,39.67,-92.5,0.2,0.28,0.28
4:7:52:46:34322,113.19,26.18,-94.93,1.92,1.18,-0.07
4:7:52:47:34449,103.32,44.86,-114.46,0.87,0.45,0.15
4:7:52:47:34934,96.58,53.46,-113.55,0.71,1.06,0.04
4:7:52:47:35046,120.22,40.15,-99.95,1.76,0.15,0.43
4:7:52:47:35142,104.15,54.62,-127.02,0.86,0.36,0
4:7:52:47:35238,110.56,63.32,-130.87,0.04,-0.64,0.48
4:7:52:47:35334,108.61,67.73,-122.13,1.63,-0.05,0.32
4:7:52:48:35526,87.14,61.58,-131.49,1.14,-0.04,0.22
4:7:52:48:35937,100.8,54.33,-133.89,0.11,-0.59,0.51
4:7:52:48:36034,99.37,66.14,-131.1,1.08,-0.38,0.17
4:7:52:48:36193,94.72,53.26,-126,1.79,0.24,1.29
4:7:52:48:36322,62.72,51.04,-152.56,0.63,0.44,0.36
4:7:52:49:36353,73.23,51.44,-139.17,0.13,0.27,0.38
4:7:52:49:36433,95.36,50.53,-120.75,1.74,-0.08,0.71
4:7:52:49:36932,59.77,52.26,-149.48,0.63,-0.09,0.63
4:7:52:49:37044,66.43,43.96,-143.87,0.31,0.28,0.34
4:7:52:49:37140,76.54,47.78,-134.81,1.23,0.21,0.42
4:7:52:49:37236,88.22,37.3,-131.16,1.38,0.99,0.31
4:7:52:49:37332,83.78,48.42,-147.7,0.41,-0.2,0.28
4:7:52:50:37443,97.12,52.65,-134.45,0.41,-0.39,0.37
4:7:52:50:37926,105.28,34.41,-102.75,1.89,0.46,0.63
4:7:52:50:38038,90.06,43.6,-125.02,0.9,0.66,0.18
4:7:52:50:38135,77.38,53.22,-150.21,0.39,-0.41,0.48
4:7:52:50:38246,90.16,64.63,-141.32,0.57,-0.81,0.14
4:7:52:50:38342,96.8,57.21,-115.92,1.79,0.02,0.35
4:7:52:51:38469,73.53,55.26,-131.44,0.89,0.17,0.01
4:7:52:51:38970,79.4,57.12,-131.99,0.28,-0.57,0.06
4:7:52:51:39161,76.59,54.89,-121.99,1.93,-0.13,0.88
4:7:52:51:39305,58.16,47.91,-135.29,1.06,0.31,0.4
4:7:52:51:39321,51.54,46.92,-144.45,0.46,-0.02,0.76
4:7:52:51:39337,73.39,50.16,-118.63,0.48,0.12,0.34
4:7:52:52:39433,90.71,42.39,-105.75,1.48,0.45,-0.18
4:7:52:52:39966,64.82,40.05,-114.44,0.38,0.3,0.48
4:7:52:52:40077,80.29,38.9,-102.89,0.49,0.54,0.18
4:7:52:52:40126,98.03,38.74,-96.88,1.68,0.06,-0.21
4:7:52:52:40253,78.76,52.81,-125.87,0.6,0.04,0.04
4:7:52:53:40349,75.99,58.87,-136.92,0.11,-0.76,0.13
4:7:52:53:40478,66.34,57.71,-128.43,1.87,-0.34,0.97
4:7:52:53:40926,77.63,46.38,-117.2,0.93,0.18,-0.03
4:7:52:53:41053,86.58,51.89,-120.29,0.03,-0.65,0.27
4:7:52:53:41150,77.14,64.63,-110.46,1.31,-0.94,0.37
4:7:52:53:41246,62.22,50.93,-113.85,1.61,0.04,0.6
4:7:52:54:41358,44.64,47.43,-131.67,0.47,0.05,0.26
4:7:52:54:41438,56.2,45.98,-117.43,0.22,0.09,0.44
4:7:52:54:42091,65.18,52.27,-103.95,1.57,-0.06,0.5
4:7:52:54:42107,44.87,46.09,-119.32,0.75,0.09,0.31
4:7:52:54:42155,42.46,48.99,-115.85,0.16,0.15,0.32
4:7:52:54:42236,64.13,53.08,-94.99,1.38,-0.22,0.21
4:7:52:55:42364,75.17,40.33,-88.72,1.51,0.84,-0.07
4:7:52:55:42427,71.54,50.69,-106.97,0.22,-0.32,0.04
4:7:52:55:42949,61.65,58.65,-100.56,0.78,-0.14,-0.01
4:7:52:55:43061,74.68,50.62,-90.31,1.78,0.21,0.2
4:7:52:55:43124,62.95,56.52,-119.1,0.45,-0.26,-0.01
4:7:52:55:43236,80.69,60.75,-105.16,-0.11,-0.96,0.12
4:7:52:56:43365,62.24,59.25,-106.47,2.05,-0.3,0.82
4:7:52:56:43429,45.18,54.18,-115,0.9,0.01,0.01
4:7:52:56:43932,54.17,42.31,-133.52,0.23,-0.64,0.09
4:7:52:56:44043,53.71,44.96,-122.95,1.37,-0.4,1.1
4:7:52:56:44187,61.87,39.59,-95.38,1.47,0.33,0.49
4:7:52:56:44300,38.32,38.7,-112.49,0.75,0.18,0.36
4:7:52:57:44396,46.83,41.89,-101.17,0.04,0.19,0.41
4:7:52:57:44459,69.45,49.49,-86.33,1.31,-0.2,-0.01
4:7:52:57:45000,49.23,54,-99.85,0.98,0.01,0.08
4:7:52:57:45032,34.87,48.99,-110.38,0.29,0.08,0.43
4:7:52:57:45161,43.12,55.5,-98.66,0.66,0.24,0.26
4:7:52:57:45240,63.63,49.83,-82.3,1.99,0.37,0.26
4:7:52:58:45496,49.14,49.49,-110.55,0.68,0.05,0.07
4:7:52:58:45512,53.19,53.78,-117.71,0.13,-0.64,0.18
4:7:52:58:45937,76.29,56.26,-82.22,1.41,-0.24,-0.12
4:7:52:58:46049,71.86,50.85,-103.65,1.89,0.52,0.42
4:7:52:58:46161,66.66,59.89,-119.75,0.38,-0.38,0.09
4:7:52:58:46225,88.68,61.5,-95.55,-0.03,-0.34,0.1
4:7:52:59:46354,88.65,61.15,-83.85,1.99,-0.59,0.53
4:7:52:59:46449,60.11,56.16,-101.25,1.21,0.4,-0.03
4:7:52:59:46948,33.49,54.8,-149.31,0.59,-0.31,0.12
4:7:52:59:47043,41.46,57.6,-144.44,0.74,-0.61,0.48
4:7:52:59:47139,47.59,56.24,-129.17,1.02,-0.44,1.06
4:7:52:59:47268,39.49,49.34,-127.35,0.63,0.07,0.38
4:7:53:0:47348,30.57,42.75,-124.3,0.67,0.08,0.27
4:7:53:0:47427,30.31,38.38,-116.03,0.79,-0.31,0.48
4:7:53:0:47950,1.82,32.69,-90.32,0.71,-0.05,0.92
4:7:53:0:48093,0.34,33.73,-79.24,0.82,0.24,0.91
4:7:53:0:48142,-0.65,33.53,-70.38,0.84,0.08,0.72
4:7:53:0:48237,-4.66,40.39,-65.22,0.7,0.26,0.35
4:7:53:0:48334,-7.47,48.27,-60.7,0.85,0.49,0.57
4:7:53:1:48429,-7.23,52.3,-60.19,0.59,0.34,0.49
4:7:53:1:48927,-3.84,71.93,-43.56,0.74,0.36,0.59
4:7:53:1:49038,-3.09,79.32,-42.27,0.78,0.07,0.49
4:7:53:1:49136,-13.8,78.7,-52.93,1.39,0.34,0.1
4:7:53:1:49231,-26.86,78.75,-66.13,1.13,0.27,0.37
4:7:53:1:49327,-125.61,86.61,-167.75,0.49,-0.05,-0.04
4:7:53:2:49423,-164.21,82.5,152.38,0.86,-0.12,0.21
4:7:53:2:49960,125.04,77.18,86.29,0.78,0.24,0.07
4:7:53:2:50057,121.09,78.97,83.09,0.93,0.27,0.25
4:7:53:2:50136,111.29,78.36,72.83,0.86,0.22,0.2
4:7:53:2:50248,100.46,83.48,57.52,1.18,0.2,-0.15
4:7:53:2:50344,-29.03,85.88,-77.93,1.23,-0.14,0.28
4:7:53:3:50424,176.25,89.43,126.6,0.85,0.09,-0.08
4:7:53:3:50933,102.38,80.35,54.51,0.98,0.54,-0.07
4:7:53:3:51029,85.07,77.18,39.64,1.15,0.58,0.13
4:7:53:3:51125,96.93,74.15,48.23,0.84,0.24,0.03
4:7:53:3:51253,105.28,71.88,55.42,0.87,0.25,0.09
4:7:53:3:51333,103.36,72.62,55.08,0.9,0.44,0.04
4:7:53:4:51445,98.34,73.15,50.5,0.91,0.31,0.13
4:7:53:4:51932,88.51,80.85,34.72,0.97,0.13,0.04
4:7:53:4:52044,87.68,81.13,33.52,0.96,0.18,0.01
4:7:53:4:52140,85.45,80.84,30.52,0.95,0.17,0.04
4:7:53:4:52236,81.08,80.95,24.43,0.87,0.18,0.04
4:7:53:5:52348,54.01,81.37,-5.33,0.8,0.19,0.12
4:7:53:5:52444,13.15,76.51,-51.57,0.86,0.09,0.3
4:7:53:5:52939,2.63,37.55,-88.83,0.58,-0.05,1.05
4:7:53:5:53035,3.69,34.32,-92.42,0.51,0.22,0.97
4:7:53:5:53131,3.1,31.87,-97.99,0.42,0.27,0.97
4:7:53:5:53243,2.36,28.27,-102.42,0.41,0.12,0.88
4:7:53:6:53356,2.72,27.26,-103.03,0.39,0.16,0.92
4:7:53:6:53435,2.75,26.94,-103.54,0.36,0.18,0.9
4:7:53:6:53936,-6.65,34.26,-121.6,0.49,-0.18,0.74
4:7:53:6:54032,-11.58,38.23,-129.56,0.42,-0.2,0.8
4:7:53:6:54128,-14.38,43.18,-132.36,0.52,-0.21,0.78
4:7:53:6:54256,-12.85,49.94,-129.19,0.52,-0.04,0.73
4:7:53:7:54351,-9.14,52.66,-127.47,0.63,-0.12,0.58
4:7:53:7:54448,-12.24,48.96,-129.31,0.81,-0.31,0.67
4:7:53:7:54954,-21.46,46.28,-118.19,0.85,-0.42,0.5
4:7:53:7:55050,-23.34,51.18,-111.75,0.69,-0.33,0.48
4:7:53:7:55147,-21.6,57.54,-102.01,0.75,-0.17,0.45
4:7:53:7:55242,-19.6,60.5,-93.05,0.7,-0.3,0.53
4:7:53:8:55354,-18.01,61.56,-82.44,0.7,-0.4,0.63
4:7:53:8:55434,-24.56,59.78,-77.54,0.64,-0.54,0.67
4:7:53:8:55949,32.32,75.51,43.84,1.09,0.26,0.13
4:7:53:8:56045,47.17,76.96,60.1,1.16,-0.27,0.73
4:7:53:8:56141,49.46,79.74,68.93,0.84,-0.43,0.86
4:7:53:8:56253,54.28,78.3,87.63,0.62,0.23,0.22
4:7:53:8:56332,85.5,72.52,120.14,0.55,-0.08,0.29
4:7:53:9:56444,89.42,72.96,121.96,0.9,-0.42,0.29
4:7:53:9:56950,125.13,56.41,151.75,0.79,-0.21,0.36
4:7:53:9:57046,120.48,58.01,149.2,1.04,-0.11,0.29
4:7:53:9:57142,126.35,55.6,156.54,0.88,-0.65,0.69
4:7:53:9:57254,117.13,52.56,152.34,0.84,-0.56,0.91
4:7:53:10:57350,103.51,50.38,142.67,0.79,0.09,0.22
4:7:53:10:57445,107.99,43.65,148.28,0.55,-0.41,0.26
4:7:53:10:57930,110.03,40.75,151.65,0.79,-0.23,0.32
4:7:53:10:58107,110.16,37.54,155.91,0.83,-0.04,0.34
4:7:53:10:58171,105.32,39.69,155.5,1.08,0.04,0.38
4:7:53:10:58250,107.16,37.57,162.68,0.82,-0.45,0.8
4:7:53:10:58331,103.97,37.39,166.82,0.71,-0.6,0.71
4:7:53:11:58442,97.94,38.46,164.5,0.64,-0.24,0.08
4:7:53:11:58994,96.15,30.19,161.88,0.6,-0.33,0.45
4:7:53:11:59058,96.91,28.46,163.55,0.71,-0.24,0.4
4:7:53:11:59144,96.87,34.9,162.28,0.85,-0.24,0.47
4:7:53:11:59224,100.36,40.31,164.05,0.68,-0.57,0.59
4:7:53:12:59352,87.5,45.74,159.97,0.53,-0.45,0.63
4:7:53:12:59448,78.76,37.7,159.21,0.77,0.02,0.49
4:7:53:12:59932,112.52,53.71,-166.73,0.44,-0.68,0.42
4:7:53:12:60028,97.43,48.91,-176.87,0.84,-0.29,0.47
4:7:53:12:60140,91.26,50.56,176.55,0.76,-0.33,0.4
4:7:53:12:60252,92.66,53.48,176.71,0.85,-0.17,0.27
4:7:53:13:60348,106.52,56.67,-173.29,0.83,-0.56,0.44
4:7:53:13:60459,119.95,53.87,-160.55,0.75,-0.71,0.59
4:7:53:13:60854,119.82,50.42,-160.66,0.79,-0.47,0.35
4:7:53:13:60945,116.08,53.15,-166.66,0.94,-0.46,0.55
4:7:53:13:61089,114.44,51.67,-169.53,0.71,-0.42,0.45
4:7:53:13:61169,114.74,46.57,-170.54,0.66,-0.37,0.34
4:7:53:13:61247,112.98,51.41,-173.44,0.74,-0.48,0.39
4:7:53:14:61376,108.43,56.86,-177.2,0.91,-0.31,0.37
4:7:53:14:61440,112.84,58.67,-172.72,0.84,-0.64,0.57
4:7:53:14:61857,86.99,54.6,173.38,0.86,-0.21,0.53
4:7:53:14:61933,80.34,54.94,168.36,0.86,-0.25,0.46
4:7:53:14:62061,90.46,54.95,175.88,0.63,-0.54,0.43
4:7:53:14:62141,90.96,56.91,175.42,1.04,-0.33,0.58
4:7:53:14:62269,102.08,63.2,-174.94,0.75,-0.59,0.48
4:7:53:14:62332,112.81,60.81,-162.75,0.68,-0.61,0.45
4:7:53:15:62524,112.47,56.15,-161.47,0.66,-0.51,0.31
4:7:53:15:62997,98.74,53.38,-171.19,0.73,-0.34,0.32
4:7:53:15:63061,109.45,55.2,-162.05,0.69,-0.69,0.43
4:7:53:15:63141,105.59,52.48,-164.24,0.85,-0.36,0.45
4:7:53:15:63252,102.73,47.35,-164.45,0.8,-0.17,0.28
4:7:53:16:63364,105.39,49.64,-165.33,0.8,-0.69,0.44
4:7:53:16:63445,101.65,49.66,-168.28,1.01,-0.11,0.43
4:7:53:16:63959,108.8,48,-162.78,0.72,-0.54,0.42
4:7:53:16:64056,104.33,43.49,-163.5,0.8,-0.32,0.41
4:7:53:16:64167,102.18,42.79,-164.39,0.77,-0.32,0.4
4:7:53:16:64248,99.09,45.9,-166.09,0.94,-0.08,0.41
4:7:53:17:64375,104.72,51.05,-163.05,0.97,-0.53,0.5
4:7:53:17:64423,107.71,48.92,-161.13,0.68,-0.34,0.29
4:7:53:17:64951,111.35,48.76,-157.21,0.72,-0.29,0.28
4:7:53:17:65063,113.96,53.86,-161.82,0.98,-0.43,0.56
4:7:53:17:65159,113.79,56.39,-164.48,0.86,-0.48,0.54
4:7:53:17:65240,106.93,48.23,-166.11,0.88,-0.32,0.69
4:7:53:18:65399,101.43,45.53,-166.04,0.75,-0.18,0.46
4:7:53:18:65430,98.53,43.17,-165.01,0.85,-0.18,0.45
4:7:53:18:65869,64.54,24.32,-171.6,0.91,0.11,0.74
4:7:53:18:65943,57.64,16.87,-167.1,0.9,0.2,0.54
4:7:53:18:66040,55.76,18.13,-162.19,0.75,-0.05,0.65
4:7:53:18:66136,54.56,19.63,-159.42,0.78,-0.23,0.72
4:7:53:18:66263,52.53,19.04,-155.79,0.84,-0.02,0.46
4:7:53:18:66342,43.7,23.79,-154.92,0.84,-0.08,0.42
4:7:53:19:66438,37.86,26.02,-151.12,0.88,-0.16,0.42
4:7:53:19:66944,7.03,24.6,-130.27,0.77,-0.16,0.55
4:7:53:19:67041,3.96,26.8,-127.19,0.8,-0.16,0.6
4:7:53:19:67153,2.79,27.09,-127.52,0.84,-0.2,0.63
4:7:53:19:67233,0.64,28.74,-129.28,0.81,-0.17,0.51
4:7:53:19:67329,-2.85,34.3,-134.74,0.85,-0.27,0.58
4:7:53:20:67425,-7.81,39.73,-139.67,0.74,-0.3,0.45
4:7:53:20:67928,-14.07,34.09,-126.63,0.95,-0.13,0.63
4:7:53:20:68056,-12.89,36.49,-135.82,0.82,-0.44,0.71
4:7:53:20:68152,-13.91,42.18,-145.79,0.91,-0.08,0.41
4:7:53:20:68248,-16.92,51.44,-158.47,0.52,-0.74,0.39
4:7:53:21:68376,-23.53,54.38,-160.87,0.56,-0.51,0.2
4:7:53:21:68440,-20.15,51.34,-151.43,0.76,-0.46,0.47
4:7:53:21:68972,-12.53,39.7,-126.42,0.8,-0.18,0.61
4:7:53:21:69037,-13.93,40.73,-131.17,0.86,-0.24,0.68
4:7:53:21:69165,-17.22,44.26,-139.91,0.76,-0.37,0.51
4:7:53:21:69228,-24.85,49.08,-149.5,0.69,-0.5,0.56
4:7:53:21:69341,-31.16,51.52,-152.96,0.65,-0.33,0.39
4:7:53:22:69452,-35.08,51.17,-152.65,0.8,-0.44,0.52
4:7:53:22:69942,-24.59,47.68,-131.59,0.74,-0.25,0.54
4:7:53:22:70070,-24.95,43.94,-137.62,0.85,-0.32,0.43
4:7:53:22:70133,-24.74,42.58,-143.84,0.87,-0.6,0.65
4:7:53:22:70246,-28.6,47.48,-147.23,0.58,-0.41,0.43
4:7:53:23:70358,-32.72,51.12,-147.47,0.64,-0.35,0.43
4:7:53:23:70438,-33.22,49.76,-147.29,0.74,-0.46,0.53
4:7:53:23:70938,-29.82,40.08,-148.35,0.59,-0.67,0.65
4:7:53:23:71051,-33.97,45.28,-148.61,0.55,-0.43,0.51
4:7:53:23:71162,-36.23,47.54,-148.86,0.63,-0.32,0.33
4:7:53:23:71242,-35.8,46.22,-147.9,0.76,-0.42,0.48
4:7:53:23:71338,-34.9,44.78,-146.02,0.9,-0.37,0.58
4:7:53:24:71466,-38.09,48.78,-148.32,0.49,-0.51,0.44
4:7:53:24:71944,-33.73,44.04,-152.38,0.63,-0.64,0.57
4:7:53:24:72040,-35.94,45.52,-153.46,0.61,-0.5,0.41
4:7:53:24:72136,-35.27,47.59,-149.63,0.67,-0.49,0.36
4:7:53:24:72264,-34.11,46.85,-145.03,0.72,-0.67,0.6
4:7:53:24:72343,-33.24,48.58,-136.56,0.75,-0.32,0.44
4:7:53:25:72439,-30.41,49.84,-127.94,0.76,-0.35,0.47
4:7:53:25:72960,-18.2,59.64,-116.2,0.74,-0.33,0.26
4:7:53:25:73071,-19.42,59.1,-122.02,0.9,-0.22,0.22
4:7:53:25:73151,-19,57.09,-123.02,0.8,-0.5,0.45
4:7:53:25:73248,-20.81,54.76,-117.73,0.74,-0.3,0.52
4:7:53:25:73343,-18.43,53.99,-109.11,0.98,0.07,0.68
4:7:53:26:73456,-19.16,57.57,-113.21,0.65,-0.19,0.66
4:7:53:26:73960,-13.66,53.81,-117.49,0.86,-0.15,0.4
4:7:53:26:74040,-14.15,54.93,-121.76,0.8,-0.26,0.48
4:7:53:26:74136,-18.7,54.61,-129.65,1.06,0,0.33
4:7:53:26:74232,-25.65,58.99,-138.97,0.73,-0.45,0.52
4:7:53:26:74343,-28.49,63.07,-138.25,0.6,-0.4,0.36
4:7:53:27:74456,-24.42,61.24,-126.93,0.8,-0.16,0.41
4:7:53:27:74952,-27.01,51.78,-115.23,0.88,-0.13,0.48
4:7:53:27:75033,-23.72,57.53,-114.09,0.87,-0.19,0.53
4:7:53:27:75144,-25.68,60.41,-118.95,0.69,-0.35,0.47
4:7:53:27:75240,-23.41,62.14,-117.43,0.74,-0.25,0.5
4:7:53:27:75336,-20.19,61.55,-112.22,0.82,0.06,0.2
4:7:53:28:75449,-13.01,58.25,-109.44,1,-0.1,0.48
4:7:53:28:75947,-13.39,55.04,-114.13,0.91,-0.22,0.66
4:7:53:28:76043,-14.11,50.66,-113.87,0.87,-0.16,0.63
4:7:53:28:76139,-12.72,51.59,-115.62,1.05,-0.03,0.76
4:7:53:28:76250,-14.5,54.9,-126.68,0.78,-0.38,0.54
4:7:53:29:76346,-18.37,59.78,-132.56,0.71,-0.28,0.41
4:7:53:29:76442,-16.29,62.01,-129.92,0.96,-0.1,0.48
4:7:53:29:76938,-16.2,61.78,-112.52,0.82,-0.06,0.4
4:7:53:29:77050,-15.54,60.24,-112.11,0.77,-0.23,0.5
4:7:53:29:77146,-16.53,53.92,-111.01,0.78,-0.22,0.61
4:7:53:29:77243,-12.69,50.76,-103.03,0.83,-0.01,0.51
4:7:53:29:77338,-9.09,48.25,-100.68,0.83,-0.07,0.62
4:7:53:30:77466,-6.59,48.24,-101.93,0.98,0.02,0.7
4:7:53:30:77951,-11.24,54.82,-125.88,0.71,-0.22,0.52
4:7:53:30:78047,-13.27,53.08,-134.2,0.73,-0.35,0.64
4:7:53:30:78144,-9.74,51.83,-135.58,0.78,-0.24,0.76
4:7:53:30:78239,-7.98,51.45,-134.64,0.73,0.04,0.59
4:7:53:31:78352,-7.99,49.1,-133.85,0.88,0.14,0.63
4:7:53:31:78432,-4.2,50.99,-129.59,0.72,0.07,0.6
4:7:53:31:78949,-1.39,49.39,-121.6,0.68,0.13,0.71
4:7:53:31:79076,-0.39,48.38,-123.36,0.7,0,0.62
4:7:53:31:79142,0.54,43.9,-127.79,0.89,-0.13,0.68
4:7:53:31:79237,-0.66,45.94,-132.27,0.75,-0.16,0.58
4:7:53:32:79348,-1.34,46.52,-129.72,0.75,-0.02,0.83
4:7:53:32:79444,0.44,48.87,-123.26,0.65,0.14,0.54
4:7:53:32:79927,-8.34,47.31,-124.11,0.85,0.21,0.49
4:7:53:32:80022,-3.93,46.01,-120.49,0.88,-0.22,0.7
4:7:53:32:80150,-0.74,47.83,-115.72,0.76,-0.24,0.58
4:7:53:32:80246,-2.86,49.08,-110.76,0.71,-0.1,0.76
4:7:53:32:80342,-3.09,50.77,-102.81,0.74,0.17,0.54
4:7:53:33:80438,-0.91,52.23,-96.37,0.85,-0.03,0.88
4:7:53:33:80931,1.33,58.75,-100,0.85,-0.09,0.6
4:7:53:33:81027,2.69,58.86,-97.67,0.8,0.08,0.51
4:7:53:33:81139,3.39,59.49,-96.68,0.81,0.13,0.56
4:7:53:33:81234,3.83,60.25,-97.04,0.8,0.11,0.5
4:7:53:34:81346,1,61.52,-100.31,0.78,0.02,0.5
4:7:53:34:81443,-3.35,62.35,-103.51,0.87,0.04,0.46
4:7:53:34:81927,-33.49,59.47,-140.82,0.71,-0.62,0.43
4:7:53:34:82039,-36.17,56.53,-138.84,0.7,-0.4,0.24
4:7:53:34:82150,-33.98,50.19,-133.59,0.92,-0.55,0.76
4:7:53:34:82231,-32.83,49.13,-131.04,0.87,-0.17,0.42
4:7:53:34:82327,-31.91,52.61,-133.34,0.61,-0.42,0.47
4:7:53:35:82454,-32.34,51.93,-135.16,0.67,-0.46,0.49
4:7:53:35:82945,-33.63,48.01,-129.57,0.86,-0.28,0.7
4:7:53:35:83040,-36.71,50.09,-134.69,0.68,-0.28,0.35
4:7:53:35:83136,-41.51,52.51,-143.03,0.72,-0.6,0.55
4:7:53:35:83263,-43.05,47.98,-145.97,0.79,-0.79,0.67
4:7:53:35:83329,-40.45,42.81,-139.6,0.8,-0.01,0.12
4:7:53:36:83440,-38.94,44.43,-140.82,0.68,-0.55,0.58
4:7:53:36:83943,-44.39,41.46,-142.03,0.74,0.06,-0.01
4:7:53:36:84040,-44.54,42.22,-144.35,0.67,-0.59,0.51
4:7:53:36:84184,-42.74,44.22,-146.29,0.63,-0.55,0.59
4:7:53:36:84248,-45.27,43.93,-150.7,0.68,-0.45,0.36
4:7:53:37:84424,-46.96,44.48,-155.06,0.53,-0.57,0.47
4:7:53:37:84471,-49.62,42.69,-155.95,0.67,-0.47,0.46
4:7:53:37:84965,-36.99,40.05,-130.69,0.56,-0.52,0.65
4:7:53:37:85030,-32.42,40.64,-125.83,0.61,-0.4,0.66
4:7:53:37:85126,-30.29,40.87,-124.05,0.64,-0.37,0.68
4:7:53:37:85254,-29.13,41.82,-125.03,0.61,-0.35,0.75
4:7:53:38:85365,-26.53,43.61,-124.27,0.65,-0.27,0.64
4:7:53:38:85430,-22.58,46.23,-120.81,0.7,-0.2,0.59
4:7:53:38:85960,-10.57,50.28,-111.14,0.7,0.02,0.56
4:7:53:38:86040,-14.08,49.79,-116.02,0.57,-0.05,0.59
4:7:53:38:86136,-19.84,44.56,-126.66,0.6,-0.44,0.69
4:7:53:38:86232,-21.84,39.08,-130.23,0.88,-0.23,0.41
4:7:53:38:86344,-24.22,32.12,-135.5,0.79,-0.53,0.87
4:7:53:39:86439,-25.22,36.26,-134.3,0.61,-0.42,0.66
4:7:53:39:86960,-28.73,40.95,-137.08,0.55,-0.29,0.65
4:7:53:39:87025,-27.03,41.04,-133.99,0.64,-0.3,0.68
4:7:53:39:87137,-23.78,42.43,-128.96,0.71,-0.17,0.58
4:7:53:39:87249,-20.57,42.06,-125.24,0.68,-0.23,0.7
4:7:53:40:87361,-19.7,42.62,-121.28,0.71,-0.18,0.67
4:7:53:40:87440,-18.65,44.31,-117.42,0.74,-0.19,0.63
4:7:53:40:87959,-17.94,46.04,-114.47,0.64,-0.29,0.63
4:7:53:40:88038,-18.99,43.3,-114.72,0.65,-0.21,0.72
4:7:53:40:88182,-18.87,41.77,-114.71,0.63,-0.23,0.66
4:7:53:40:88247,-19.51,40.26,-116.55,0.61,-0.27,0.63
4:7:53:40:88343,-20.48,36.63,-119.14,0.64,-0.41,0.76
4:7:53:41:88454,-22.01,35.23,-121.84,0.56,-0.39,0.64
4:7:53:41:88940,-0.3,26.81,-104.45,0.42,0.01,0.87
4:7:53:41:89052,2.12,22.32,-105.24,0.3,0.04,0.86
4:7:53:41:89133,3.78,17.49,-105.93,0.24,0.04,1.01
4:7:53:41:89229,6.22,13.49,-105.82,0.19,0.05,1.03
4:7:53:42:89356,10.94,10.33,-104.24,0.2,0.19,0.82
4:7:53:42:89452,11.5,8.53,-103.64,0.22,0.41,0.93
4:7:53:42:89941,3.14,2.76,-106.91,0.22,0.07,1.07
4:7:53:42:90085,6.97,7.37,-106.02,0.14,0.12,1
4:7:53:42:90133,10.22,8.87,-106.3,0.19,0.07,0.85
4:7:53:42:90229,7.19,8.97,-102.3,0.17,-0.15,0.75
4:7:53:42:90325,7.53,-1.93,-92.53,0.3,-0.08,0.92
4:7:53:43:90437,5.75,-5.15,-94.44,-0.13,0.15,1.02
4:7:53:43:90946,-1.53,-15.46,-105.19,-0.15,-0.1,1.06
4:7:53:43:91042,-0.33,-15.17,-108,-0.07,-0.05,0.94
4:7:53:43:91122,0.02,-13.63,-109.77,-0.12,-0.08,1
4:7:53:43:91251,-0.33,-12.96,-112.44,-0.09,-0.08,0.96
4:7:53:44:91362,-1.84,-11.73,-113.85,-0.07,-0.03,0.98
4:7:53:44:91441,-1.85,-10.83,-114.83,-0.07,-0.05,1
4:7:53:44:91954,-2.3,-8.82,-117.7,-0.13,-0.06,0.98
4:7:53:44:92049,-2.42,-9.16,-117.76,-0.14,-0.14,0.98
4:7:53:44:92161,-4.1,-10.25,-117.84,-0.07,-0.12,1.08
4:7:53:44:92241,-4.01,-8.89,-117.33,-0.06,0,0.96
4:7:53:45:92354,-1.88,-7.75,-118.72,-0.16,-0.1,0.88
4:7:53:45:92449,-2.44,-9.7,-121.31,-0.01,-0.07,1.04
4:7:53:45:92925,2.92,-8.81,-125.77,-0.09,0.02,1
4:7:53:45:93084,4.11,-7.31,-127.67,-0.1,-0.01,0.96
4:7:53:45:93132,3.9,-6.82,-128.28,-0.12,0.01,0.96
4:7:53:45:93228,2.94,-7.29,-128.48,-0.11,0.06,0.99
4:7:53:46:93372,2.56,-6.97,-129.07,-0.1,0.01,0.99
4:7:53:46:93452,2.22,-6.73,-129.54,-0.11,0.01,0.98
4:7:53:46:93973,1.4,-7.13,-130.48,-0.1,0.02,0.99
4:7:53:46:94037,1.36,-6.73,-130.22,-0.11,0.03,0.98
4:7:53:46:94134,2.15,-6.85,-129.86,-0.1,0.04,0.99
4:7:53:46:94229,2.84,-6.51,-129.74,-0.12,0,0.95
4:7:53:46:94326,2.08,-6.8,-129.46,-0.13,0.01,0.98
4:7:53:47:94453,0.98,-7.5,-128.9,-0.1,0.04,0.98
4:7:53:47:94953,-1.4,-8.8,-131.5,-0.1,-0.04,1.04
4:7:53:47:95049,-0.48,-8.07,-130.41,-0.17,-0.01,0.96
4:7:53:47:95145,0.13,-7.71,-129.94,-0.13,-0.04,0.96
4:7:53:47:95240,0.17,-7.52,-129.51,-0.15,-0.02,0.97
4:7:53:48:95353,0.3,-7.6,-128.89,-0.13,-0.02,0.97
4:7:53:48:95434,0.14,-7.53,-128.55,-0.12,0.01,0.98
4:7:53:48:95953,-0.13,-7.06,-128.99,-0.1,-0.01,0.98
4:7:53:48:96066,-0.2,-6.88,-129.03,-0.1,-0.02,0.99
4:7:53:48:96146,-0.12,-6.55,-129.12,-0.11,0.01,1
4:7:53:48:96242,-0.43,-6.27,-128.54,-0.11,-0.04,0.96
4:7:53:49:96370,-0.68,-6.46,-128.14,-0.1,-0.01,0.98
4:7:53:49:96450,-0.96,-6.42,-127.98,-0.09,-0.04,0.97
4:7:53:49:96940,-1.02,-5.34,-126.11,-0.12,-0.03,0.97
4:7:53:49:97052,-0.79,-5.38,-126.55,-0.07,-0.04,0.98
4:7:53:49:97163,-0.64,-5.51,-127.13,-0.09,-0.03,0.96
4:7:53:49:97258,-0.67,-5.88,-128.03,-0.07,-0.03,0.98
4:7:53:49:97341,-0.7,-5.94,-128.67,-0.07,-0.04,0.98
4:7:53:50:97451,-0.66,-6.12,-129.36,-0.07,-0.04,0.98
4:7:53:50:97948,-0.78,-5.91,-131.49,-0.07,-0.04,0.96
4:7:53:50:98060,-0.94,-5.97,-131.84,-0.08,-0.03,0.98
4:7:53:50:98155,-1.12,-5.59,-131.99,-0.08,-0.02,0.98
4:7:53:50:98251,-0.97,-5.6,-132.09,-0.1,-0.04,0.97
4:7:53:51:98347,-1.22,-5.88,-132.18,-0.06,-0.04,0.98
4:7:53:51:98443,-1.44,-5.81,-131.98,-0.1,-0.03,0.98
4:7:53:51:98954,-1.88,-6.25,-133.4,-0.1,-0.03,0.99
4:7:53:51:99050,-1.86,-6.27,-133.48,-0.1,-0.05,0.97
4:7:53:51:99146,-1.99,-6.35,-133.48,-0.1,-0.05,0.99
4:7:53:51:99242,-1.84,-6.22,-133.69,-0.09,-0.03,0.98
4:7:53:52:99354,-1.6,-6.04,-133.69,-0.1,-0.04,0.98
4:7:53:52:99449,-1.53,-6.06,-133.7,-0.1,-0.04,0.97
4:7:53:52:99950,-1.45,-6.17,-134.53,-0.11,-0.04,0.97
4:7:53:52:100062,-1.67,-6.19,-134.47,-0.11,-0.04,0.98
4:7:53:52:100142,-1.98,-6.26,-134.61,-0.1,-0.06,0.98
4:7:53:52:100253,-2.44,-6.38,-134.51,-0.1,-0.05,0.98
4:7:53:53:100350,-2.73,-6.58,-134.4,-0.11,-0.03,0.99
4:7:53:53:100446,-2.56,-6.82,-134.72,-0.11,-0.05,0.98
4:7:53:53:100953,-5.7,-7.4,-134.18,-0.14,-0.11,0.94
4:7:53:53:101049,-5.81,-7.97,-136.31,-0.1,-0.05,1.02
4:7:53:53:101144,-3.68,-8.51,-141.6,-0.07,-0.14,0.95
4:7:53:53:101256,-3.22,-6.59,-141.11,-0.18,-0.07,0.92
4:7:53:54:101353,-3.87,-6.86,-140.57,-0.11,-0.01,0.86
4:7:53:54:101448,-4.33,-8.04,-141.08,-0.2,0.01,0.97
4:7:53:54:101954,-9.71,-6.81,-149.91,-0.21,-0.17,0.96
4:7:53:54:102050,-10.01,-7.4,-150.17,-0.15,-0.15,0.93
4:7:53:54:102146,-11.07,-7.18,-150.88,-0.19,-0.16,1.04
4:7:53:54:102242,-13.1,-7.66,-151.44,-0.11,-0.17,0.97
4:7:53:54:102338,-15.89,-8.87,-151.14,-0.16,-0.23,1.1
4:7:53:55:102466,-18.4,-11.44,-148.36,-0.13,-0.19,1.11
4:7:53:55:102946,-12.54,-11.91,-145.28,-0.16,-0.16,0.97
4:7:53:55:103042,-12.92,-12.15,-144.08,-0.25,-0.13,0.92
4:7:53:55:103186,-13.39,-11.71,-143.4,-0.29,-0.17,0.94
4:7:53:55:103282,-13.96,-13.27,-143.08,-0.25,-0.13,0.97
4:7:53:56:103363,-12.95,-13.73,-142.75,-0.32,-0.13,0.96
4:7:53:56:103441,-12.58,-13.53,-141.76,-0.31,-0.17,0.95
4:7:53:56:103962,-10.73,-8.79,-135.62,-0.22,-0.19,1.01
4:7:53:56:104042,-11.89,-9.17,-134.92,-0.16,-0.22,0.9
4:7:53:56:104138,-11.57,-7.19,-131.72,-0.18,-0.12,0.87
4:7:53:56:104249,-9.79,-6.01,-129.38,-0.13,-0.08,1.05
4:7:53:57:104361,-6.3,-3.67,-131.43,-0.17,-0.11,1.02
4:7:53:57:104457,-4.52,-1.84,-131.11,-0.09,-0.15,0.9
4:7:53:57:104959,-7.1,-5.95,-135.09,-0.18,-0.09,0.88
4:7:53:57:105070,-6.34,-4.13,-138.36,-0.18,-0.13,0.88
4:7:53:57:105150,-7.64,-3.7,-139.9,-0.05,-0.13,1.07
4:7:53:57:105277,-7.66,-2.97,-142.36,-0.08,-0.08,1.01
4:7:53:57:105342,-4.66,-3.13,-143.59,-0.07,-0.12,0.97
4:7:53:58:105469,-4.36,-3.49,-141.19,-0.05,-0.08,0.84
4:7:53:58:105868,-5.57,-0.93,-137.47,-0.1,-0.06,1.02
4:7:53:58:105956,-5.99,-1.84,-138.48,-0.06,-0.01,0.93
4:7:53:58:106052,-5.37,-1.06,-139.86,-0.03,-0.06,0.94
4:7:53:58:106148,-4.56,-3.6,-138.75,-0.12,-0.02,0.95
4:7:53:58:106229,-4.32,-4.22,-139.14,-0.06,-0.11,0.99
4:7:53:58:106324,-5.77,-4.8,-136.76,-0.06,-0.05,1
4:7:53:59:106452,-6.35,-4.25,-134.57,-0.07,-0.03,0.99
4:7:53:59:106937,-6.54,-4.06,-134.58,-0.09,-0.16,0.96
4:7:53:59:107049,-8.59,-4.93,-131.89,-0.05,-0.14,1.05
4:7:53:59:107144,-10.04,-3.77,-129.51,-0.01,-0.14,0.95
4:7:53:59:107257,-9.45,-1.65,-129.72,-0.11,-0.17,0.92
4:7:53:59:107337,-12.05,-2.49,-130.91,-0.08,-0.09,0.93
4:7:54:0:107433,-11.69,-3.19,-133.64,-0.05,-0.15,0.97
4:7:54:0:107953,-11.24,0.36,-139.39,0.03,-0.18,0.99
4:7:54:0:108049,-10.98,1.06,-139.88,-0.03,-0.17,0.94
4:7:54:0:108145,-10.89,1.37,-139.48,-0.04,-0.19,0.96
4:7:54:0:108257,-10.81,0.7,-138.83,0,-0.18,0.96
4:7:54:1:108353,-11,0.33,-138.08,0.04,-0.15,0.99
4:7:54:1:108449,-10.41,0.74,-138.01,-0.03,-0.22,0.96
4:7:54:1:108927,-8.89,-0.36,-132.77,-0.04,-0.14,0.96
4:7:54:1:109037,-8.89,-0.67,-132.55,0,-0.15,0.96
4:7:54:1:109134,-8.83,-0.43,-132.24,-0.01,-0.17,0.99
4:7:54:1:109246,-9.38,-0.23,-131.84,-0.01,-0.13,0.99
4:7:54:1:109342,-9.26,-0.12,-131.66,-0.03,-0.16,0.95
4:7:54:2:109454,-8.63,0.22,-132.38,-0.05,-0.15,0.94
4:7:54:2:109956,-3.91,-0.52,-128.52,0,-0.1,1
4:7:54:2:110036,-4.64,-0.69,-128.99,-0.01,-0.06,0.96
4:7:54:2:110132,-4.36,-0.94,-129.42,0,-0.1,0.99
4:7:54:2:110228,-4.28,-0.88,-129.68,-0.02,-0.08,0.98
4:7:54:2:110323,-4.3,-0.66,-128.95,-0.02,-0.09,0.97
4:7:54:3:110451,-4.26,-0.79,-128.5,0,-0.06,0.99
4:7:54:3:110941,-3.58,-0.43,-129.3,-0.02,-0.05,1
4:7:54:3:111037,-3.62,-0.16,-129.86,-0.01,-0.09,0.98
4:7:54:3:111133,-3.85,-0.37,-130.42,-0.02,-0.06,0.99
4:7:54:3:111244,-3.23,-0.64,-130.54,0.01,-0.05,0.98
4:7:54:3:111341,-2.98,-0.45,-131.15,-0.01,-0.09,0.99
4:7:54:4:111437,-3.71,-0.35,-131.84,0.01,-0.07,0.99
4:7:54:4:111937,-3.79,-1.37,-130.53,-0.02,-0.23,0.89
4:7:54:4:112034,-2.93,-1.92,-129.86,-0.03,-0.09,0.99
4:7:54:4:112146,-3.06,-0.85,-129.33,-0.07,-0.05,1.02
4:7:54:4:112258,-1.17,-1.59,-126.29,-0.05,-0.02,0.98
4:7:54:5:112353,0.98,-3.2,-124.68,0.01,-0.02,0.95
4:7:54:5:112450,1.13,-2.97,-124.48,-0.07,0.01,1
4:7:54:5:113009,-2.73,-5.64,-117.14,-0.02,-0.03,1.02
4:7:54:5:113041,-1.87,-8.1,-116.51,-0.09,0.01,1.04
4:7:54:5:113153,2.23,-9.05,-114.88,-0.07,-0.07,0.91
4:7:54:5:113266,2.02,-8.35,-113.54,-0.15,-0.01,0.93
4:7:54:6:113346,1.3,-8.1,-116.15,-0.13,0.04,1.03
4:7:54:6:113442,1.91,-7.17,-119.62,-0.11,0.04,0.97
4:7:54:6:113952,4.82,-7.34,-120.03,-0.03,0,0.95
4:7:54:6:114064,3.88,-8.58,-116.69,-0.13,0.03,0.93
4:7:54:6:114159,3.05,-12.15,-113.11,-0.15,0.12,0.95
4:7:54:6:114254,4.48,-12.29,-113.05,-0.15,0.1,0.96
4:7:54:7:114352,5.89,-11.22,-113.28,-0.16,0.05,0.95
4:7:54:7:114447,5.91,-11.16,-112.89,-0.19,0.03,1.01
4:7:54:7:114947,3.6,-9.1,-110.46,-0.18,0.1,1
4:7:54:7:115059,0.26,-7.65,-110.24,-0.05,0.16,1.12
4:7:54:7:115155,3.11,-7.58,-111.6,0.14,-0.02,1.13
4:7:54:7:115235,6.45,-4.78,-115.61,0,-0.03,0.93
4:7:54:8:115347,8.44,-4.61,-120.26,0.08,-0.06,0.78
4:7:54:8:115443,7.6,-4.81,-120.52,-0.06,-0.02,0.77
4:7:54:8:115933,1.2,-12.91,-126.43,-0.17,-0.11,0.92
4:7:54:8:116029,0.47,-12.14,-129.8,-0.09,-0.11,0.92
4:7:54:8:116141,-0.73,-11.08,-131.82,0,-0.08,1.01
4:7:54:8:116252,0.78,-6.97,-134.96,-0.03,-0.09,1.02
4:7:54:9:116349,2.29,-3.28,-138.23,-0.06,-0.06,1.03
4:7:54:9:116444,0.59,-1.69,-140.22,-0.01,-0.07,0.99
4:7:54:9:116855,-5.06,-2.96,-137.77,-0.04,-0.11,0.97
4:7:54:9:116947,-3.35,-3.01,-137.79,-0.09,-0.04,1.01
4:7:54:9:117043,-1.61,-3.49,-138.24,-0.09,-0.04,0.95
4:7:54:9:117155,-1.89,-2.96,-138.5,-0.07,-0.06,0.98
4:7:54:9:117235,-2.1,-2.66,-138.09,-0.08,-0.02,0.96
4:7:54:10:117363,-1.56,-2.99,-137.4,-0.11,-0.01,0.94
4:7:54:10:117459,-1.46,-4.71,-137.2,-0.03,-0.05,0.97
4:7:54:10:117947,2.51,-5.22,-133.51,-0.1,0.06,0.98
4:7:54:10:118060,2.75,-5.18,-131.57,-0.15,0.06,0.97
4:7:54:10:118155,2.64,-5.8,-130.05,-0.16,0.04,0.94
4:7:54:10:118251,2.35,-6.83,-129.29,-0.14,0.03,0.98
4:7:54:11:118363,1.52,-7.53,-128.94,-0.12,0.01,1
4:7:54:11:118443,1.44,-8.98,-127.8,-0.15,0.05,1
4:7:54:11:118968,2.28,-15.21,-124.57,-0.2,0.05,0.99
4:7:54:11:119064,3.38,-14.29,-126.42,-0.2,0.07,0.95
4:7:54:11:119144,4.68,-13.08,-127.99,-0.22,0.06,0.93
4:7:54:11:119272,5.31,-12.07,-128.36,-0.22,0.06,0.97
4:7:54:11:119336,5.7,-10.98,-128,-0.23,0.05,1
4:7:54:12:119432,5.79,-10.34,-128.36,-0.22,0.05,0.94
4:7:54:12:119948,-0.31,-13.87,-134.11,-0.19,0,0.98
4:7:54:12:120028,-1.29,-13.63,-135.48,-0.16,0.02,0.95
4:7:54:12:120157,-1.05,-12.66,-135.42,-0.2,0,0.96
4:7:54:12:120237,-0.89,-12.41,-133.61,-0.2,-0.01,0.97
4:7:54:13:120348,-0.79,-11.51,-132.66,-0.2,0.01,0.98
4:7:54:13:120428,0.15,-10.59,-132.95,-0.2,0.01,0.96
4:7:54:13:120948,-1.52,-6.62,-131.77,-0.12,-0.01,0.99
4:7:54:13:121044,-2,-5.73,-131.77,-0.11,-0.02,0.96
4:7:54:13:121140,-2.3,-5.31,-132.41,-0.07,-0.02,0.93
4:7:54:13:121237,-3.04,-4.18,-132.76,-0.11,-0.04,1
4:7:54:14:121364,-3.34,-4.41,-131.76,-0.09,-0.04,1
4:7:54:14:121477,-3.38,-5.17,-132.55,-0.07,-0.03,0.99
4:7:54:14:121947,-4.11,-3.83,-131.16,-0.06,-0.1,0.96
4:7:54:14:122060,-4.35,-3.47,-131.26,-0.08,-0.06,0.97
4:7:54:14:122139,-4.02,-3.74,-130.59,-0.08,-0.06,0.97
4:7:54:14:122235,-3.82,-4.15,-129.59,-0.09,-0.07,1
4:7:54:15:122363,-3.92,-4.89,-128.85,-0.07,-0.1,1
4:7:54:15:122427,-4.61,-4.45,-127.29,-0.08,-0.03,0.95
4:7:54:15:122946,0.17,-11.68,-118.13,-0.11,-0.13,1.08
4:7:54:15:123041,0.08,-9,-113.72,-0.25,0.03,0.97
4:7:54:15:123137,0.07,-8.2,-114.27,-0.12,-0.03,1.05
4:7:54:15:123233,1.8,-8.37,-116.35,-0.09,0,0.96
4:7:54:15:123329,1.5,-7.38,-116.32,-0.09,-0.01,0.85
4:7:54:16:123441,0.57,-7.85,-116.32,-0.09,-0.07,0.97
4:7:54:16:123957,2.72,-9.06,-129.88,0,0.07,0.86
4:7:54:16:124052,4.48,-8.58,-130.55,-0.02,0.08,0.85
4:7:54:16:124149,5.94,-9.58,-129.53,0.04,0.06,0.85
4:7:54:16:124245,6.73,-11.56,-126.35,0.03,0.1,0.88
4:7:54:16:124340,6.12,-12.7,-126.12,-0.02,0.25,0.96
4:7:54:17:124453,7.67,-12.19,-129.1,-0.13,0.24,0.97
4:7:54:17:124951,26.03,22.98,-159.8,0.78,-0.6,1.16
4:7:54:17:125032,22.56,26.84,-145.81,0.42,0.37,1.18
4:7:54:17:125144,5.6,24.45,-136.34,0.17,0.57,0.81
4:7:54:17:125255,10.58,13.58,-126.74,0.28,0.73,0.61
4:7:54:18:125352,27.53,15.06,-125.52,0.51,0.52,1.53
4:7:54:18:125448,25.68,17.51,-126.28,0.05,0.28,0.92
4:7:54:18:125944,4.87,12.77,-124.74,0,0.74,0.71
4:7:54:18:126055,11.25,9.3,-131.28,0.22,0.31,2.47
4:7:54:18:126135,26.23,12.71,-137.49,0.32,-0.19,0.74
4:7:54:18:126232,23.41,23.56,-145.16,-0.01,-0.3,0
4:7:54:18:126327,24.78,21.1,-142.6,0.34,-0.57,0.54
4:7:54:19:126455,25.87,11,-125.12,0.18,0.6,1.98
4:7:54:19:126937,30.38,12.91,-152.93,0.13,-0.48,0.26
4:7:54:19:127050,28.62,2.43,-143.73,0.46,-0.63,1.13
4:7:54:19:127146,20.2,7.13,-118.55,-0.32,0.57,2.43
4:7:54:19:127226,16.54,11.33,-109.12,-0.17,0.71,0.65
4:7:54:19:127322,17.56,11.59,-113.23,-0.01,0.7,-0.12
4:7:54:20:127450,25.24,12.22,-120.88,0.1,0.39,1.74
4:7:54:20:127951,19.6,6.05,-110.94,-0.24,0.57,0.17
4:7:54:20:128047,19.44,4.76,-119.26,-0.07,0.57,-0.06
4:7:54:20:128144,25.07,-0.06,-131.43,0.33,0.28,2.32
4:7:54:20:128239,31.33,8.44,-142.72,-0.23,-0.04,0.64
4:7:54:21:128367,30.49,9.13,-150.72,0.33,-0.46,0.12
4:7:54:21:128447,26.09,2.53,-137.59,0.22,0.11,2.98
4:7:54:21:128947,31.96,13.61,-145.62,0.18,-0.16,0.23
4:7:54:21:129043,32.27,10.8,-144.46,0.27,-0.46,0.16
4:7:54:21:129139,28.32,3.17,-129.77,-0.01,0.84,2.32
4:7:54:21:129251,26.75,11.03,-119.7,-0.11,0.49,0.52
4:7:54:22:129347,20.38,5.88,-117.52,0.06,0.47,-0.06
4:7:54:22:129443,18.8,3.99,-122.22,-0.62,1.09,2.02
4:7:54:22:129955,23.17,1.42,-123.23,-0.08,0.23,0.92
4:7:54:22:130052,15.26,4.89,-123.72,0.03,0.47,0.1
4:7:54:22:130147,18.05,1.76,-129.96,0.01,0.77,2.2
4:7:54:22:130228,35.13,3.91,-134.22,-0.33,0.14,1.21
4:7:54:22:130339,37.51,0.82,-141.02,0.17,-0.25,0.25
4:7:54:23:130451,27.96,-10.65,-133.81,0.34,-0.11,1.11
4:7:54:23:130935,42.74,9.81,-139.02,-0.15,-0.15,1.05
4:7:54:23:131031,39.53,3.88,-145.64,0.21,-0.35,0.52
4:7:54:23:131127,27.58,-6.08,-142.31,0.35,-0.11,1.41
4:7:54:23:131239,27.43,0.27,-121.9,-0.5,0.23,1.88
4:7:54:24:131351,17.73,1.95,-115.76,-0.04,0.56,0.25
4:7:54:24:131447,17.33,3.23,-120.39,-0.13,0.7,0.19
4:7:54:24:131948,21.18,2.38,-113.88,-0.91,0.6,2.93
4:7:54:24:132043,13.92,-0.48,-113.75,0.09,0.67,0.36
4:7:54:24:132140,20.09,-1.77,-118.83,0.06,0.38,-0.08
4:7:54:24:132251,26.75,0.12,-127.78,0.19,0.14,2.32
4:7:54:24:132331,30.54,10.16,-132.91,-0.16,0.1,1.1
4:7:54:25:132427,32.77,9.72,-142.98,0.3,-0.21,-0.18
4:7:54:25:132959,19.05,10.24,-137.89,-0.1,-0.1,2.05
4:7:54:25:133039,23.47,14.05,-146.48,-0.15,-0.15,0.96
4:7:54:25:133150,24.06,7.68,-150.33,0.18,-0.42,0.32
4:7:54:25:133246,24.23,-3.45,-144.75,0.42,-0.26,1.79
4:7:54:25:133343,23.04,1.97,-117.77,-0.54,0.09,1.99
4:7:54:26:133439,13.36,4.93,-113.09,-0.07,0.81,-0.03
4:7:54:26:133930,31.84,-1.71,-132.7,0.08,-0.03,2.19
4:7:54:26:134026,25.3,2.64,-107,-0.49,0.68,1.4
4:7:54:26:134154,18.83,1.2,-105.08,-0.1,0.86,0.06
4:7:54:26:134266,22.5,6.91,-117.31,-0.37,0.85,1.32
4:7:54:27:134347,32.6,20.44,-135.69,-0.01,-0.19,1.72
4:7:54:27:134426,36.8,15.7,-145.61,0.3,-0.56,0.53
4:7:54:27:134937,24.17,-1.83,-112.59,-0.14,0.42,1.62
4:7:54:27:135048,27.73,8.25,-130.13,-0.15,-0.46,1.57
4:7:54:27:135130,28.82,10.5,-140.62,-0.09,-0.39,0.61
4:7:54:27:135225,31.63,-1.56,-140.78,0.43,-0.7,0.84
4:7:54:27:135337,33.57,-7.75,-119.11,-0.5,0.19,2.35
4:7:54:28:135450,28.41,-7.37,-100.18,-0.26,0.7,0.37
4:7:54:28:135934,27.39,-21.41,-129.58,0.51,-0.14,1.33
4:7:54:28:136046,31.21,-20.4,-107.23,-0.69,0.15,1.7
4:7:54:28:136142,29.58,-10.47,-100.35,-0.43,0.53,0.58
4:7:54:28:136238,35.1,-20.04,-106.14,0.01,0.28,-0.06
4:7:54:29:136366,41.56,-12.36,-122.62,-0.23,0.55,1.14
4:7:54:29:136445,43.71,1.26,-136.38,-0.26,0.11,2.33
4:7:54:29:136941,20.64,-11.53,-114.16,0.09,0.43,0.32
4:7:54:29:137036,22.89,-18.05,-121.02,0.18,0.39,0.83
4:7:54:29:137148,33.56,-3.97,-129.1,-0.45,0,2
4:7:54:29:137228,35.37,3.55,-136.04,0.03,-0.16,1
4:7:54:29:137340,33.81,2.95,-139.54,0.37,-0.2,0.01
4:7:54:30:137436,38.86,3.13,-134.31,0.1,-0.49,1.38
4:7:54:30:137946,29.11,2.52,-129.46,-0.14,0.12,2.12
4:7:54:30:138042,31.78,2.44,-135,0.19,-0.3,0.55
4:7:54:30:138138,34.23,-5.31,-134.29,0.44,-0.34,0.21
4:7:54:30:138233,33.72,-8.69,-125.74,0.07,-0.27,1.35
4:7:54:31:138345,27.84,-8.03,-104.09,-0.36,0.15,2.23
4:7:54:31:138457,19.92,-6.49,-97.37,-0.02,0.29,0.48
4:7:54:31:138953,32.59,-22.18,-132.24,0.41,0.06,0.48
4:7:54:31:139048,30.63,-16.57,-134.23,0.32,-0.22,0.86
4:7:54:31:139145,20.94,-14.63,-118.93,-0.48,-0.53,2.67
4:7:54:31:139241,13.2,-20.55,-99.67,-0.1,-0.09,0.74
4:7:54:31:139337,13.54,-15.73,-93.69,-0.16,0.06,0.32
4:7:54:32:139464,8.76,-12.59,-97.01,-0.19,0.08,0.71
4:7:54:32:139947,34.82,-20.31,-127.24,0.16,-0.23,0.69
4:7:54:32:140043,24.18,-19.85,-121.17,0.05,-0.12,1.52
4:7:54:32:140140,16.71,-14.26,-112.31,-0.08,-0.01,1.35
4:7:54:32:140250,19.93,-16.17,-112.88,0.06,0.14,0.54
4:7:54:33:140347,22.43,-19.34,-119.25,0.19,0.2,0.47
4:7:54:33:140443,17.99,-18.88,-121.66,0.2,0.31,1.11
4:7:54:33:140943,30.03,-16.28,-130.13,0.17,-0.01,1.08
4:7:54:33:141039,24.72,-19.67,-123.64,-0.01,-0.02,1.33
4:7:54:33:141135,18.99,-22.02,-117.96,-0.05,0.04,1.31
4:7:54:33:141246,17.32,-20.25,-116.59,0.04,0.05,0.75
4:7:54:33:141327,20.79,-19.69,-115.15,0,0.09,0.58
4:7:54:34:141438,18.9,-20.72,-117.74,0.2,0.23,1.11
4:7:54:34:141945,29.34,-11.04,-135.85,0.18,0.07,0.97
4:7:54:34:142042,27.02,-11.48,-137.93,-0.03,0.08,1.16
4:7:54:34:142137,30.53,-11.74,-134.41,-0.23,0,1.09
4:7:54:34:142232,29.05,-13.38,-133.77,-0.03,-0.01,0.96
4:7:54:34:142329,25.81,-15.48,-132.79,0.05,0.17,0.83
4:7:54:35:142456,26.51,-15.48,-134.73,0,0.15,0.87
4:7:54:35:142945,18.96,-10.46,-138.82,0,0.24,0.92
4:7:54:35:143040,18.68,-7.7,-136.76,-0.08,0.12,0.92
4:7:54:35:143136,17.07,-4.72,-135.14,-0.11,0.15,0.92
4:7:54:35:143264,15.66,-2.31,-131.77,-0.1,0.08,0.98
4:7:54:36:143377,13.2,-3.86,-127.85,-0.18,0.05,0.98
4:7:54:36:143440,8.08,-6.51,-125.69,0.13,0.18,0.97
4:7:54:36:143966,9.68,-10.93,-133.74,0.01,0.15,0.95
4:7:54:36:144030,15.73,-10.7,-139.31,-0.03,0.11,0.95
4:7:54:36:144158,21.25,-8.24,-147.59,-0.11,0.11,0.95
4:7:54:36:144221,20.79,-4.03,-156.41,-0.1,0.11,0.89
4:7:54:37:144366,15.53,-1.61,-167.79,-0.06,0.25,0.98
4:7:54:37:144429,11.34,1.85,178.48,0.04,0.23,0.89
4:7:54:37:144954,3.48,5.37,144.53,0.21,0.19,1.08
4:7:54:37:145035,3.31,3.95,140.75,0.3,0.19,1
4:7:54:37:145147,5.8,4.1,138.98,0.19,0.11,0.81
4:7:54:37:145275,9.2,1.79,138.75,0.02,0.22,0.88
4:7:54:37:145323,14.29,0.75,139.81,0.09,0.34,0.86
4:7:54:38:145451,18.59,-1.02,143.38,0.13,0.55,0.93
4:7:54:38:145939,18.97,-9.26,166.11,-0.1,0.53,1.05
4:7:54:38:146036,24.46,-5.69,170.07,0.06,0.59,0.7
4:7:54:38:146163,32.01,6.54,169.93,0.49,0.42,0.69
4:7:54:38:146260,46.69,16.27,177.44,0.54,0.9,0.38
4:7:54:38:146339,62.82,19.22,-169.07,0.21,0.74,0.08
4:7:54:39:146435,74.94,15.29,-156.06,0.04,0.94,0.24
4:7:54:39:146925,67.31,19.34,-130.03,0.33,0.69,-0.26
4:7:54:39:147036,65.98,18.46,-131.64,0.16,0.99,0.51
4:7:54:39:147133,70.62,22.94,-129.44,0.28,1.42,0.04
4:7:54:39:147245,79.08,27.86,-131.4,0.33,1,-0.06
4:7:54:39:147341,80.61,27.8,-137.09,0.25,0.7,-0.01
4:7:54:40:147436,77.93,27.96,-142.78,0.33,0.71,0.09
4:7:54:40:147944,81.39,32.28,-148.42,0.18,0.68,0.02
4:7:54:40:148025,79.68,34.37,-148.53,0.3,0.67,0.03
4:7:54:40:148153,77.56,34.45,-148.17,0.48,0.78,0.29
4:7:54:40:148249,80.07,32.76,-146.58,0.69,1.23,-0.02
4:7:54:41:148345,83.49,26.19,-144.97,0.16,1.09,-0.38
4:7:54:41:148441,82.27,25.05,-148.02,0.04,0.99,-0.32
4:7:54:41:148938,81.59,14.79,-156.31,-0.07,1.06,-0.27
4:7:54:41:149066,84.39,16.37,-156.31,0.06,0.75,-0.08
4:7:54:41:149129,83.7,16.73,-156.71,0.11,0.82,-0.07
4:7:54:41:149241,85.32,17.1,-157.39,0.11,0.9,0.03
4:7:54:41:149337,85.12,18.04,-158.75,0.26,1.15,-0.1
4:7:54:42:149433,84.04,22,-160.29,0.13,1.23,-0.44
4:7:54:42:149939,83.15,18.56,-159.86,0.07,1.12,-0.01
4:7:54:42:150035,85.35,17.47,-157.51,0.12,1.13,-0.41
4:7:54:42:150147,88.05,18.15,-151.93,0.32,1.11,-0.23
4:7:54:42:150227,89.62,19.19,-146.33,0.15,0.65,-0.05
4:7:54:42:150337,90.8,19.9,-143.64,0.11,0.9,-0.06
4:7:54:43:150435,90.02,19.43,-143.8,0.25,1.02,0.06
4:7:54:43:150930,92.63,18.3,-146.01,0.24,0.82,-0.11
4:7:54:43:151026,92.27,17.78,-144.96,0.27,1.13,-0.19
4:7:54:43:151122,91.89,17.73,-145.58,0.19,1.16,-0.34
4:7:54:43:151234,90.53,17.56,-145.66,0.19,1.03,-0.33
4:7:54:44:151346,93.3,18.91,-141.91,0.07,0.75,-0.24
4:7:54:44:151442,91.17,19.02,-143.63,0.09,0.91,-0.15
4:7:54:44:151932,95.31,18.9,-160.9,0.32,0.9,-0.14
4:7:54:44:152043,95.77,19.15,-162.43,0.3,0.92,-0.21
4:7:54:44:152139,97.79,18.86,-162.78,0.35,0.98,-0.21
4:7:54:44:152252,98.65,18.16,-163.65,0.3,0.91,-0.15
4:7:54:45:152347,99.12,17.95,-163.2,0.31,0.93,-0.21
4:7:54:45:152444,100.46,17.37,-163.8,0.26,1,-0.2
4:7:54:45:152939,102.77,15.39,-165.36,0.26,0.93,-0.25
4:7:54:45:153034,103.08,14.47,-165.62,0.25,0.97,-0.23
4:7:54:45:153146,102.98,14.28,-165.61,0.24,0.94,-0.2
4:7:54:45:153258,103.28,14.51,-165.11,0.28,0.91,-0.24
4:7:54:45:153338,103.06,14.7,-164.87,0.25,0.94,-0.23
4:7:54:46:153435,103.08,15.08,-164.94,0.24,0.95,-0.23
4:7:54:46:153940,101.97,13.92,-167.51,0.23,0.96,-0.19
4:7:54:46:154037,101.86,12.87,-167.75,0.21,0.97,-0.18
4:7:54:46:154132,102.17,12.51,-167.34,0.25,0.99,-0.2
4:7:54:46:154244,102.05,12.8,-166.63,0.26,0.94,-0.19
4:7:54:47:154356,101.72,12.76,-166.04,0.21,0.97,-0.2
4:7:54:47:154436,101.68,13.54,-165.51,0.27,0.94,-0.19
4:7:54:47:154927,99.96,12.28,-164.59,0.23,0.97,-0.16
4:7:54:47:155039,99.82,11.92,-164.02,0.2,0.98,-0.16
4:7:54:47:155134,99.63,12.16,-163.77,0.21,0.96,-0.17
4:7:54:47:155231,99.83,12.07,-163.62,0.22,0.96,-0.19
4:7:54:47:155327,99.88,12.01,-163.65,0.21,0.98,-0.17
4:7:54:48:155454,99.87,11.59,-163.43,0.21,0.96,-0.17
4:7:54:48:155938,101.53,10.43,-158.95,0.2,0.98,-0.21
4:7:54:48:156049,101.48,10.31,-158.68,0.15,0.97,-0.2
4:7:54:48:156146,101.38,10.49,-158.11,0.16,0.96,-0.19
4:7:54:48:156242,101.1,10.17,-158.03,0.17,0.96,-0.19
4:7:54:48:156338,102.21,10.59,-158.38,0.24,0.92,-0.26
4:7:54:49:156435,101.87,12.52,-158.22,0.29,0.98,-0.15
4:7:54:49:156859,103.23,11.37,-162.84,0.2,0.99,-0.15
4:7:54:49:156923,101.95,10.12,-162.7,0.17,1.14,-0.27
4:7:54:49:157036,104.58,10.18,-161.03,0.32,1.06,-0.37
4:7:54:49:157164,103.52,7.12,-160.24,-0.06,0.86,-0.41
4:7:54:49:157243,105.7,5.91,-159,0.04,0.87,-0.33
4:7:54:49:157339,106.16,5.68,-157.52,0.09,0.87,-0.21
4:7:54:50:157435,106.02,4.59,-158.32,0.06,0.91,-0.22
4:7:54:50:157937,102.47,1.81,-173.63,0.11,0.97,-0.29
4:7:54:50:158033,103.2,-1.48,178.2,-0.05,0.95,-0.1
4:7:54:50:158145,100.69,-5.34,172.04,-0.15,0.97,-0.06
4:7:54:50:158241,92.42,-10.46,171.54,-0.3,1.22,-0.04
4:7:54:50:158337,89.94,-9.44,-179.71,-0.02,1.06,-0.29
4:7:54:51:158448,86.53,-7.83,-171.09,-0.03,0.98,-0.02
4:7:54:51:158937,88.54,-4.89,-161.48,-0.03,1.03,-0.06
4:7:54:51:159033,89.57,-4.87,-159.15,0.01,0.98,-0.18
4:7:54:51:159144,88.92,-5.02,-156.92,-0.01,1.11,0.01
4:7:54:51:159242,90.91,-7.8,-156.96,-0.07,0.93,0
4:7:54:52:159353,91.69,-9.88,-157.16,-0.15,0.98,-0.05
4:7:54:52:159434,93.03,-10.77,-157.09,-0.26,1,-0.12
4:7:54:52:159947,91.8,-7.43,-157.01,-0.13,0.97,-0.01
4:7:54:52:160043,92.18,-7.39,-156.52,-0.14,1,-0.02
4:7:54:52:160171,92.57,-7.53,-156.27,-0.12,0.98,-0.03
4:7:54:52:160250,92.98,-7.45,-156.09,-0.11,1.01,-0.03
4:7:54:52:160330,93.57,-7.61,-156.22,-0.11,0.98,-0.07
4:7:54:53:160442,94.17,-8.05,-156.59,-0.13,1.01,-0.07
4:7:54:53:160948,93.44,-8.79,-156.19,-0.16,0.99,-0.03
4:7:54:53:161028,93.54,-8.82,-155.95,-0.15,1,-0.06
4:7:54:53:161155,93.32,-8.54,-155.79,-0.14,1,-0.05
4:7:54:53:161252,93.32,-8.17,-155.58,-0.14,1,-0.05
4:7:54:54:161348,93.36,-7.9,-155.5,-0.13,1,-0.07
4:7:54:54:161444,93.61,-7.81,-155.63,-0.13,0.99,-0.06
4:7:54:54:161947,95.23,-6.72,-156.92,-0.1,0.97,-0.12
4:7:54:54:162058,96.39,-6.67,-157.64,-0.12,0.98,-0.08
4:7:54:54:162139,99.38,-5.17,-158.73,-0.06,0.99,-0.14
4:7:54:54:162251,102.7,-4.51,-160.31,-0.05,0.93,-0.14
4:7:54:55:162347,107.06,-7.24,-161.71,-0.22,0.93,-0.26
4:7:54:55:162443,111.98,-6.12,-162.22,-0.01,0.92,-0.39
4:7:54:55:162943,113.08,-6.01,-162.95,-0.12,0.95,-0.45
4:7:54:55:163054,112.22,-4.75,-161.93,-0.06,0.93,-0.35
4:7:54:55:163134,110.45,-3.53,-161.53,-0.02,0.92,-0.39
4:7:54:55:163230,107.76,-3.46,-161.88,-0.13,0.96,-0.29
4:7:54:55:163326,106.66,-3.39,-162.29,0.02,0.91,-0.34
4:7:54:56:163438,104.14,-8.5,-164.21,-0.23,1.03,-0.22
4:7:54:56:163876,100.5,-3.26,-164.87,0.05,0.98,-0.15
4:7:54:56:163951,98.84,-4.13,-165.75,-0.13,1.07,-0.17
4:7:54:56:164048,100.01,-4.55,-167.33,-0.1,1.01,-0.17
4:7:54:56:164143,99.71,-4.53,-168.3,-0.17,1,0
4:7:54:56:164239,98.96,-4.83,-165.94,-0.03,0.94,-0.23
4:7:54:57:164350,100.4,-5.12,-165.78,-0.07,1,-0.18
4:7:54:57:164431,101.19,-5.71,-166.12,-0.14,1.04,-0.16
4:7:54:57:164976,99.6,-11.06,-171.86,-0.13,1.02,0.18
4:7:54:57:165072,99.78,-14.22,-174.58,-0.28,1,-0.17
4:7:54:57:165137,98.75,-14.43,-174.29,-0.15,0.9,-0.06
4:7:54:57:165263,97.71,-13.5,-171.08,-0.27,1.03,-0.19
4:7:54:58:165345,97.12,-12.51,-167.24,-0.01,0.96,0.02
4:7:54:58:165440,100.38,-13.12,-168.66,-0.4,1.04,-0.14
4:7:54:58:165941,96.73,-10.17,-161.63,-0.26,1.11,-0.16
4:7:54:58:166036,95.78,-9.62,-162.38,-0.16,0.93,-0.06
4:7:54:58:166148,93.11,-11.18,-161.88,-0.12,0.95,-0.14
4:7:54:58:166260,90.86,-11.06,-161.51,-0.2,0.91,0.07
4:7:54:58:166341,90.76,-10.95,-160.77,-0.17,0.99,-0.03
4:7:54:59:166468,90.55,-11.5,-159.94,-0.19,1,0.06
4:7:54:59:166946,92.36,-15.9,-160.76,-0.29,1,-0.04
4:7:54:59:167042,91.63,-16.28,-161.59,-0.28,0.97,0.02
4:7:54:59:167138,91,-16.96,-162.31,-0.32,0.96,-0.01
4:7:54:59:167249,89.96,-17.7,-162.65,-0.28,0.96,0.02
4:7:55:0:167346,88.66,-18.45,-162.24,-0.24,1,-0.13
4:7:55:0:167474,86.73,-19.08,-162.32,-0.29,0.94,0.09
4:7:55:0:167934,88.65,-23.34,-163.89,-0.42,0.85,0.03
4:7:55:0:168031,89.16,-22.11,-163.06,-0.41,0.92,0.07
4:7:55:0:168143,88.64,-20.84,-161.42,-0.39,1.05,0
4:7:55:0:168254,86.2,-19.66,-161.19,-0.33,0.72,0.1
4:7:55:1:168351,88.38,-20.42,-163.19,-0.45,0.98,0.04
4:7:55:1:168462,88.44,-21.41,-163.5,-0.38,0.87,0.08
4:7:55:1:168974,86.77,-20.92,-163.85,-0.35,0.98,0.1
4:7:55:1:169053,85.27,-21.94,-162.38,-0.33,0.86,0.15
4:7:55:1:169267,87.75,-21.98,-163.56,-0.33,1.04,0.01
4:7:55:1:169268,89.76,-20.88,-165.3,-0.62,1.04,-0.27
4:7:55:2:169379,89.75,-14.19,-164.91,-0.21,0.9,0.01
4:7:55:2:169458,90.28,-16.19,-164.45,-0.1,0.84,0.02
4:7:55:2:169935,86.7,-40.2,-162.03,-0.7,0.89,0.02
4:7:55:2:170031,87.57,-40.27,-161.89,-0.62,0.84,0.02
4:7:55:2:170127,89.02,-40.27,-162.71,-0.6,0.79,-0.01
4:7:55:2:170223,89.81,-39.36,-163.5,-0.6,0.7,0.07
4:7:55:3:170351,90.32,-39.29,-164.74,-0.6,0.88,0.14
4:7:55:3:170431,92.37,-39.58,-165.02,-0.6,0.68,-0.06
4:7:55:3:170933,84.35,-43.38,-162.81,-0.7,0.78,0.21
4:7:55:3:171029,83.12,-42.99,-161.58,-0.75,0.79,0.2
4:7:55:3:171189,81.25,-42.44,-159.49,-0.75,0.88,0.05
4:7:55:3:171235,80.4,-35.28,-159.84,-0.61,0.94,0.14
4:7:55:4:171348,81.6,-14.46,-161.71,-0.45,0.79,0.14
4:7:55:4:171444,82.4,13.51,-163.1,0.19,1.05,0.07
4:7:55:4:171938,82.44,28.36,-158.92,0.56,0.82,0.16
4:7:55:4:172034,82.06,26.22,-159.6,0.43,0.91,0.17
4:7:55:4:172145,83.24,22.18,-158.96,0.49,0.71,0.16
4:7:55:4:172258,84.31,15.99,-159.29,0.36,0.83,0.17
4:7:55:5:172354,85.54,12.33,-158.52,0.31,1.05,0.07
4:7:55:5:172434,84.88,3.62,-158.76,0.03,1.17,-0.25
4:7:55:5:172939,55.47,-10.31,-167.98,-0.11,0.43,0.06
4:7:55:5:173035,56.55,-9.64,-169.75,-0.3,0.47,0.54
4:7:55:5:173130,61.19,-13.64,-165.9,-0.32,0.86,0.7
4:7:55:5:173258,67.4,-16.59,-161.79,-0.24,1.18,0.54
4:7:55:6:173354,68.7,-13.43,-156.73,-0.2,1.07,0.45
4:7:55:6:173451,72.46,-2.93,-150.3,-0.2,1.09,0.44
4:7:55:6:173940,72.93,-5.86,-139.55,-0.17,1.02,0.28
4:7:55:6:174052,75.22,-8.94,-140.87,0.18,1.35,-0.46
4:7:55:6:174148,78.49,-11.99,-144.7,-0.13,1.07,0.33
4:7:55:6:174276,80.62,-11.77,-144.38,-0.24,1.08,0.2
4:7:55:7:174356,82.24,-7.81,-145.23,-0.02,0.96,0.17
4:7:55:7:174436,83.58,-4.99,-146.16,-0.1,0.95,0.17
4:7:55:7:174858,87.56,-3.36,-153.55,0.12,0.88,0.04
4:7:55:7:174939,85.96,-6.78,-151.47,-0.08,1.04,0
4:7:55:7:175067,88.99,-5.59,-151.77,-0.15,0.78,-0.28
4:7:55:7:175211,84.23,-8.73,-159.9,-0.21,1.03,0.4
4:7:55:7:175227,81.86,-7.54,-166.82,-0.24,0.87,0.83
4:7:55:7:175339,73.01,-4.56,-166.15,-0.15,0.89,0.48
4:7:55:8:175435,69.29,-3.94,-163.04,0.07,1.1,0.14
4:7:55:8:175946,63.06,-3.85,-160.55,-0.02,0.63,0.15
4:7:55:8:176058,62.36,-6.18,-160.45,-0.22,0.97,0.56
4:7:55:8:176154,62.55,-4.71,-159.97,-0.04,0.78,0.4
4:7:55:8:176250,62.08,-4.68,-159.6,-0.09,0.91,0.6
4:7:55:8:176330,61.42,-1.74,-160.26,-0.1,0.84,0.64
4:7:55:9:176442,61.98,6,-158.32,0.03,0.84,0.4
4:7:55:9:176937,79.97,-1.28,-139.05,0,0.78,0.2
4:7:55:9:177033,83.45,-3.16,-141.69,-0.17,1.37,0.16
4:7:55:9:177144,83.59,-3.25,-143.26,0.14,0.72,0.17
4:7:55:9:177240,85.27,-7.15,-144.1,0.05,0.83,0.14
4:7:55:10:177368,84.22,-11.65,-147.32,-2.48,-0.71,3.36
4:7:55:10:177448,83.71,-13.42,-144.99,-0.1,0.96,0.22
4:7:55:10:177970,92.53,2.74,-147.3,-0.07,1.28,-0.13
4:7:55:10:178049,95.4,8.26,-154.26,0.25,0.59,-0.2
4:7:55:10:178146,90.25,-1.33,-155.97,-0.15,1.14,-0.11
4:7:55:10:178242,86.66,-7.38,-158.98,0.12,1.13,-0.17
4:7:55:10:178337,83.08,-11.39,-159.92,-0.19,1,0.19
4:7:55:11:178450,81.25,-9.5,-161.36,-0.26,1.08,0.13
4:7:55:11:178954,81.19,-12.77,-162.94,-0.1,0.98,0.27
4:7:55:11:179050,79.75,-11.57,-157.78,-0.22,0.99,0.18
4:7:55:11:179145,79.5,-11.81,-157.56,-0.3,0.97,0.16
4:7:55:11:179241,77.89,-10.68,-158.92,-0.17,0.98,0.18
4:7:55:12:179368,78.19,-10.78,-158.45,-0.23,1,0.28
4:7:55:12:179449,81.37,-9.88,-157.72,-0.14,0.97,0.15
4:7:55:12:179949,83.19,-15.39,-161.61,-0.23,0.98,0.2
4:7:55:12:180044,83.16,-13.85,-162.86,-0.17,1.03,0.09
4:7:55:12:180140,83.37,-13.1,-160.62,-0.1,0.84,0.03
4:7:55:12:180252,80.06,-9.61,-156.63,-0.2,0.99,0.25
4:7:55:13:180349,80.12,-9.46,-156.27,-0.12,1.2,0.13
4:7:55:13:180445,81.96,-8.09,-156.13,-0.13,0.85,0.27
4:7:55:13:180934,84.67,-9.71,-158.43,-0.26,0.79,0.03
4:7:55:13:181045,78.47,-7.54,-163.57,-0.06,1.21,0.39
4:7:55:13:181141,80.79,-7.02,-159.23,-0.03,1.01,0.23
4:7:55:13:181237,85.27,-6.72,-155,-0.14,0.84,0.09
4:7:55:14:181349,83.35,-7.43,-156.58,-0.15,1.1,-0.25
4:7:55:14:181444,82,-7.59,-159.11,-0.18,1.04,0.01
4:7:55:14:181862,85.84,-8.68,-160.41,-0.13,0.96,0.04
4:7:55:14:181969,85.92,-7.91,-160.48,-0.08,1.07,0.12
4:7:55:14:182048,87.03,-7.6,-159.84,-0.14,0.96,0.07
4:7:55:14:182160,88.15,-7.88,-159.29,-0.15,0.94,0.05
4:7:55:14:182240,89.3,-7.1,-158.84,-0.13,1,0.02
4:7:55:14:182337,90.2,-6.84,-158.5,-0.08,0.94,-0.02
4:7:55:15:182464,89.93,-6.94,-159.53,-0.03,0.96,0.03
4:7:55:15:182945,95.59,-16.07,-156.3,-0.28,0.97,-0.09
4:7:55:15:183040,95.49,-16.23,-156.94,-0.26,1,-0.07
4:7:55:15:183167,95.39,-16.75,-157.38,-0.3,0.96,-0.08
4:7:55:15:183248,95.36,-17.45,-158.38,-0.32,0.89,-0.14
4:7:55:16:183345,92.08,-15.24,-161.52,-0.24,1,-0.05
4:7:55:16:183440,90.58,-10.22,-163.67,-0.18,0.84,-0.12
4:7:55:17:184941,96.58,-7.16,-157.88,-0.12,1.01,-0.09
4:7:55:17:185052,97.53,-6.71,-157.06,-0.15,0.99,-0.11
4:7:55:17:185149,97.75,-7.35,-157.53,-0.14,0.98,-0.13
4:7:55:17:185244,94.33,-8.61,-158.78,0.27,2.15,0.16
4:7:55:18:185356,94.89,-8.99,-157.92,-0.13,1,-0.04
4:7:55:18:185452,95.68,-9,-157.7,-0.12,0.99,-0.11
4:7:55:18:185873,94.67,-8.71,-158.56,0,1.07,0.09
4:7:55:18:185947,94.71,-8.63,-158.95,-0.15,1.06,-0.02
4:7:55:18:186043,95.16,-9.51,-159.74,-0.18,1.01,-0.14
4:7:55:18:186154,94.72,-9.11,-160.28,-0.18,0.95,-0.09
4:7:55:18:186251,94.48,-8.87,-159.98,-0.18,0.96,-0.06
4:7:55:19:186346,94.05,-8.22,-159.9,-0.16,1.05,-0.05
4:7:55:19:186443,94.47,-8.15,-159.69,-0.16,0.96,-0.07
4:7:55:19:186952,90.68,-9.47,-164.01,-0.2,1,-0.04
4:7:55:19:187064,90.27,-9.19,-164.94,-0.11,1,-0.03
4:7:55:19:187144,89.92,-9.48,-164.22,-0.18,1.01,-0.01
4:7:55:19:187239,90.02,-9.73,-163.69,-0.18,1.03,0.02
4:7:55:20:187384,90.62,-10.13,-163.24,-0.18,0.95,-0.04
4:7:55:20:187464,90.97,-10.47,-163.13,-0.22,0.91,-0.02
4:7:55:20:187933,89.65,-8.31,-163.07,-0.13,0.97,0
4:7:55:20:188060,89.86,-8.54,-162.53,-0.16,0.97,-0.02
4:7:55:20:188172,90.22,-8.85,-162.06,-0.17,0.96,0.04
4:7:55:20:188253,90.43,-8.84,-161.53,-0.15,1.02,-0.03
4:7:55:21:188365,90.83,-9.04,-161.24,-0.17,1.01,0
4:7:55:21:188460,91.27,-9.16,-161.27,-0.16,0.98,-0.03
4:7:55:21:188991,91.19,-10.41,-161.36,-0.22,0.92,0.01
4:7:55:21:189054,91.47,-10.34,-159.96,-0.24,1.04,-0.09
4:7:55:21:189151,92.44,-10.54,-159.28,-0.21,1.01,0.01
4:7:55:21:189246,92.25,-10.48,-159.35,-0.18,1.02,0.01
4:7:55:22:189358,92.97,-11.29,-160.84,-0.2,0.96,-0.08
4:7:55:22:189455,93.27,-11.32,-162.17,-0.17,0.96,-0.09
4:7:55:22:189948,93.22,-10.75,-162.76,-0.18,0.99,-0.04
4:7:55:22:190060,93.19,-11.17,-162.93,-0.2,1.01,-0.06
4:7:55:22:190156,93.21,-11.49,-163,-0.21,0.98,-0.04
4:7:55:22:190268,93,-11.03,-163.05,-0.19,1,-0.03
4:7:55:23:190348,93.01,-10.81,-163.08,-0.19,1.01,-0.05
4:7:55:23:190444,93.33,-11.01,-163.2,-0.23,1,-0.05
4:7:55:23:190953,93.4,-11.57,-163,-0.18,1.01,-0.05
4:7:55:23:191049,93.4,-11.45,-162.7,-0.19,1,-0.06
4:7:55:23:191161,93.45,-11.46,-162.52,-0.2,0.98,-0.05
4:7:55:23:191240,93.23,-11.22,-162.5,-0.2,1.01,-0.02
4:7:55:24:191352,93.33,-11.12,-162.54,-0.19,0.99,-0.05
4:7:55:24:191432,93.66,-11.48,-162.73,-0.2,0.99,-0.07
4:7:55:24:191954,94.43,-12.71,-163.54,-0.21,0.98,-0.07
4:7:55:24:192050,94.61,-12.88,-163.66,-0.24,1,-0.08
4:7:55:24:192161,94.77,-12.95,-163.45,-0.22,0.95,-0.07
4:7:55:24:192226,94.93,-13.16,-163.43,-0.25,0.98,-0.07
4:7:55:25:192370,94.98,-12.79,-163.42,-0.21,0.98,-0.07
4:7:55:25:192449,95.48,-12.1,-163.11,-0.22,1.04,-0.11
4:7:55:25:192942,95.64,-13.45,-164.71,-0.26,0.87,-0.18
4:7:55:25:193037,95.52,-13.72,-164.28,-0.2,1,-0.09
4:7:55:25:193149,95.88,-14.42,-163.99,-0.26,0.97,-0.08
4:7:55:25:193244,96.23,-15.15,-163.8,-0.23,0.96,-0.11
4:7:55:25:193341,96.14,-15.77,-163.2,-0.29,0.95,-0.1
4:7:55:26:193453,95.21,-15.61,-162.5,-0.27,0.97,-0.09
4:7:55:26:193936,95.39,-15.18,-161.65,-0.31,0.98,-0.09
4:7:55:26:194031,95.06,-15.45,-162.04,-0.26,0.99,-0.08
4:7:55:26:194143,94.94,-15.56,-162.36,-0.26,0.96,-0.06
4:7:55:26:194223,94.62,-15.52,-162.22,-0.27,0.97,-0.08
4:7:55:27:194352,94.54,-15.2,-162.06,-0.22,0.92,-0.13
4:7:55:27:194463,94.56,-14.83,-162.25,-0.28,1.01,-0.06
4:7:55:27:194954,96.26,-14.62,-160.01,-0.25,0.94,-0.09
4:7:55:27:195034,96.28,-14.45,-159.18,-0.25,0.97,-0.1
4:7:55:27:195162,96.23,-14.66,-159.42,-0.25,0.99,-0.09
4:7:55:27:195242,96.18,-15.18,-160.59,-0.26,0.97,-0.09
4:7:55:27:195338,96.29,-15.96,-162.16,-0.21,0.97,-0.1
4:7:55:28:195450,96.32,-16.05,-162.97,-0.26,0.99,-0.08
4:7:55:28:195940,96.7,-16.37,-161.7,-0.29,0.95,-0.1
4:7:55:28:196036,97.1,-15.71,-161.4,-0.26,1.01,-0.11
4:7:55:28:196148,97.74,-15.09,-161.18,-0.25,0.96,-0.13
4:7:55:28:196243,97.78,-15.38,-161.61,-0.25,0.96,-0.12
4:7:55:28:196340,97.64,-15.69,-162.43,-0.26,0.97,-0.12
4:7:55:29:196452,97.55,-16.26,-163.11,-0.27,0.97,-0.12
4:7:55:29:196873,97.84,-16.28,-163.42,-0.28,0.98,-0.13
4:7:55:29:196946,97.84,-16.11,-163.31,-0.29,0.95,-0.12
4:7:55:29:197059,97.62,-15.88,-163.1,-0.27,0.96,-0.11
4:7:55:29:197154,97.65,-15.26,-162.71,-0.26,0.96,-0.12
4:7:55:29:197234,97.41,-14.46,-162.12,-0.21,0.92,-0.11
4:7:55:29:197331,96.08,-14.1,-160.92,-0.25,0.99,-0.07
4:7:55:30:197426,94.5,-13.56,-160.09,-0.22,0.98,-0.01
4:7:55:30:197956,68.89,-3.21,-172.27,-0.08,0.84,0.28
4:7:55:30:198035,58.7,-2.26,179.62,0.06,0.95,0.79
4:7:55:30:198148,48.56,-1.13,174.59,0.09,0.71,0.6
4:7:55:30:198244,39.81,1.5,171.58,0.15,0.58,0.74
4:7:55:31:198356,32.58,4.58,171.33,0.16,0.47,0.66
4:7:55:31:198436,26.66,7.75,171.47,0.12,0.41,0.83
4:7:55:31:198860,5.78,7.97,167.42,0.21,0.03,0.97
4:7:55:31:198956,0.06,5.45,167.72,0.17,0.03,1.03
4:7:55:31:199052,-4.84,3.59,169.26,0.13,-0.03,1.05
4:7:55:31:199132,-8.09,3.13,170.76,0.13,-0.03,1.01
4:7:55:31:199228,-10.18,3.17,172.49,0.03,0.01,1.12
4:7:55:32:199355,-10.62,3.05,173.6,0.06,-0.09,1.12
4:7:55:32:199452,-9.93,2.84,174.8,0,-0.06,1.03
4:7:55:32:199853,-10.6,0.75,-177.62,-0.02,-0.08,0.98
4:7:55:32:199960,-9.98,0.62,-175.95,-0.03,-0.06,0.98
4:7:55:32:200057,-9.4,0.45,-174.38,-0.02,-0.06,0.98
4:7:55:32:200184,-9.14,0.28,-172.91,-0.02,-0.07,0.98
4:7:55:32:200249,-8.86,0.18,-171.52,-0.02,-0.08,0.98
4:7:55:33:200361,-8.42,0.05,-170.23,-0.02,-0.07,0.98
4:7:55:33:200456,-8.08,-0.04,-169.13,-0.03,-0.09,0.98
4:7:55:33:200853,-7.03,-0.29,-165.16,-0.02,-0.07,0.98
4:7:55:33:200929,-6.82,-0.34,-164.33,-0.02,-0.08,0.98
4:7:55:33:201041,-6.62,-0.38,-163.55,-0.02,-0.07,0.98
4:7:55:33:201138,-6.43,-0.42,-162.84,-0.02,-0.07,0.98
4:7:55:33:201233,-6.27,-0.47,-162.19,-0.02,-0.07,0.98
4:7:55:33:201329,-6.11,-0.51,-161.58,-0.02,-0.08,0.98
4:7:55:34:201489,-5.97,-0.55,-161,-0.02,-0.08,0.97
4:7:55:34:201959,-5.4,-0.73,-158.74,-0.02,-0.08,0.97
4:7:55:34:202055,-5.32,-0.75,-158.37,-0.02,-0.08,0.98
4:7:55:34:202151,-5.24,-0.79,-158.04,-0.02,-0.07,0.98
4:7:55:34:202262,-5.16,-0.82,-157.73,-0.02,-0.08,0.98
4:7:55:35:202359,-5.1,-0.84,-157.42,-0.02,-0.08,0.98
4:7:55:35:202438,-5.05,-0.86,-157.13,-0.02,-0.08,0.98
4:7:55:35:202866,-4.85,-0.93,-156.23,-0.02,-0.08,0.98
4:7:55:35:202938,-4.81,-0.96,-156.05,-0.02,-0.08,0.98
4:7:55:35:203034,-4.78,-0.97,-155.86,-0.02,-0.08,0.98
4:7:55:35:203130,-4.74,-0.99,-155.71,-0.02,-0.08,0.97
4:7:55:35:203258,-4.72,-1,-155.55,-0.02,-0.08,0.98
4:7:55:36:203354,-4.69,-1.01,-155.4,-0.02,-0.08,0.98
4:7:55:36:203451,-4.65,-1.03,-155.28,-0.02,-0.08,0.98
4:7:55:36:203855,-4.57,-1.08,-154.87,-0.02,-0.08,0.98
4:7:55:36:203937,-4.51,-1.11,-154.9,-0.03,-0.08,0.98
4:7:55:36:204048,-4.5,-1.11,-154.81,-0.02,-0.08,0.98
4:7:55:36:204145,-4.5,-1.11,-154.73,-0.02,-0.08,0.98
4:7:55:36:204240,-4.5,-1.12,-154.64,-0.02,-0.08,0.98
4:7:55:36:204336,-4.49,-1.13,-154.56,-0.02,-0.08,0.98
4:7:55:37:204432,-4.49,-1.13,-154.45,-0.02,-0.08,0.98
4:7:55:37:204861,-4.54,-1.11,-153.88,-0.02,-0.08,0.98
4:7:55:37:204938,-4.55,-1.11,-153.76,-0.02,-0.08,0.98
4:7:55:37:205114,-4.54,-1.12,-153.65,-0.02,-0.08,0.98
4:7:55:37:205130,-4.53,-1.12,-153.57,-0.02,-0.08,0.98
4:7:55:37:205226,-4.52,-1.12,-153.49,-0.02,-0.08,0.98
4:7:55:38:205369,-4.52,-1.13,-153.42,-0.02,-0.08,0.98
4:7:55:38:205450,-4.51,-1.13,-153.33,-0.02,-0.08,0.98
4:7:55:38:205931,-4.47,-1.17,-153.04,-0.02,-0.08,0.98
4:7:55:38:206059,-4.46,-1.18,-153,-0.02,-0.08,0.98
4:7:55:38:206139,-4.46,-1.19,-152.95,-0.02,-0.08,0.98
4:7:55:38:206235,-4.46,-1.18,-152.9,-0.02,-0.08,0.98
4:7:55:38:206331,-4.45,-1.18,-152.87,-0.02,-0.08,0.98
4:7:55:39:206443,-4.44,-1.19,-152.81,-0.02,-0.11,0.99
4:7:55:39:206927,-4.33,-1.25,-153.14,-0.02,-0.08,0.98
4:7:55:39:207040,-4.33,-1.25,-153.16,-0.02,-0.08,0.98
4:7:55:39:207151,-4.33,-1.25,-153.19,-0.02,-0.08,0.98
4:7:55:39:207231,-4.33,-1.26,-153.22,-0.02,-0.08,0.98
4:7:55:39:207342,-4.33,-1.26,-153.25,-0.02,-0.08,0.98
4:7:55:40:207439,-4.33,-1.25,-153.26,-0.02,-0.08,0.98
4:7:55:40:207936,-4.34,-1.25,-153.36,-0.02,-0.08,0.98
4:7:55:40:208033,-4.34,-1.26,-153.39,-0.02,-0.08,0.98
4:7:55:40:208145,-4.34,-1.26,-153.39,-0.02,-0.08,0.98
4:7:55:40:208273,-4.35,-1.25,-153.39,-0.02,-0.08,0.98
4:7:55:40:208336,-4.36,-1.25,-153.4,-0.02,-0.08,0.98
4:7:55:41:208448,-4.36,-1.25,-153.4,-0.02,-0.08,0.98
4:7:55:41:208857,-4.39,-1.24,-153.39,-0.01,-0.08,0.97
4:7:55:41:208949,-4.4,-1.24,-153.36,-0.03,-0.08,1
4:7:55:41:209045,-4.43,-1.22,-153.24,0,-0.08,0.95
4:7:55:41:209173,-4.45,-1.21,-153.14,-0.01,-0.07,1.02
4:7:55:41:209252,-4.47,-1.21,-153.05,-0.02,-0.08,0.99
4:7:55:41:209333,-4.49,-1.2,-152.96,-0.01,-0.09,0.98
4:7:55:42:209445,-4.51,-1.23,-152.87,-0.02,-0.08,0.97
4:7:55:42:209946,-4.5,-1.23,-152.59,-0.02,-0.07,0.93
4:7:55:42:210026,-4.5,-1.21,-152.53,-0.04,-0.08,0.96
4:7:55:42:210138,-4.5,-1.17,-152.48,-0.04,-0.08,0.98
4:7:55:42:210234,-4.51,-1.18,-152.44,-0.04,-0.06,1
4:7:55:43:210346,-4.52,-1.19,-152.39,-0.04,-0.07,0.98
4:7:55:43:210458,-4.5,-1.19,-152.36,-0.07,-0.08,0.95
4:7:55:43:210946,-4.41,-1.24,-152.5,-0.02,-0.07,1
4:7:55:43:211041,-4.39,-1.26,-152.58,-0.04,-0.08,1.01
4:7:55:43:211138,-4.38,-1.27,-152.66,-0.04,-0.1,0.97
4:7:55:43:211233,-4.36,-1.27,-152.74,-0.04,-0.09,0.99
4:7:55:43:211330,-4.34,-1.27,-152.81,-0.04,-0.1,0.99
4:7:55:44:211441,-4.34,-1.27,-152.88,-0.01,-0.12,1.01
4:7:55:44:211953,-4.34,-1.31,-153.13,0,-0.13,1.01
4:7:55:44:212033,-4.33,-1.27,-153.09,0.04,-0.1,0.96
4:7:55:44:212144,-4.16,-1.22,-152.83,-0.06,-0.08,1.1
4:7:55:44:212241,-4.15,-1.22,-152.82,0.03,-0.1,0.94
4:7:55:44:212336,-4.08,-1.19,-152.8,-0.03,-0.11,1.04
4:7:55:45:212433,-4.05,-1.17,-152.79,0.01,-0.11,0.96
4:7:55:45:212954,-3.93,-1.16,-152.34,-0.1,0.02,0.96
4:7:55:45:213066,-3.97,-1.21,-152.3,0.04,-0.07,1.05
4:7:55:45:213161,-4.11,-1.26,-152.34,-0.02,-0.08,0.89
4:7:55:45:213241,-4.26,-1.3,-152.25,-0.02,-0.08,0.93
4:7:55:46:213355,-4.54,-1.32,-152.22,-0.03,-0.07,0.99
4:7:55:46:213465,-5.22,-1.24,-152.19,0.04,-0.1,1.01
4:7:55:46:213945,-14.27,0.37,-151.02,-0.12,0,0.92
4:7:55:46:214042,-14.47,0.17,-151.18,0.01,-0.2,0.91
4:7:55:46:214137,-17.05,1.04,-148.93,-0.2,0.01,0.92
4:7:55:46:214249,-12.33,0.3,-145.79,-0.11,0.24,1.13
4:7:55:47:214346,-3.77,-2.29,-143.7,-0.03,0,1.18
4:7:55:47:214441,4.42,-5.59,-142.45,0.09,-0.07,1.26
4:7:55:47:214963,6.62,-10.84,-134.14,-0.06,0,1.17
4:7:55:47:215043,5.47,-10.7,-132.13,-0.08,-0.01,1.24
4:7:55:47:215154,4.73,-10.81,-130.4,-0.03,-0.05,1.21
4:7:55:47:215251,4.39,-11.29,-128.9,-0.06,0.01,1.19
4:7:55:47:215331,4.55,-12.15,-127.83,0.02,0,1.29
4:7:55:48:215475,4.89,-13.05,-127.12,-0.01,-0.03,1.23
4:7:55:48:215862,7.64,-15.3,-126.96,-0.09,-0.02,1.14
4:7:55:48:215937,8.35,-15.96,-126.93,-0.08,-0.01,1.14
4:7:55:48:216034,8.86,-16.57,-126.97,-0.1,0,1.15
4:7:55:48:216161,9.3,-17.1,-127.1,-0.06,-0.01,1.16
4:7:55:48:216241,9.67,-17.47,-127.31,-0.04,-0.06,1.14
4:7:55:48:216337,10.02,-17.79,-127.42,-0.03,-0.06,1.12
4:7:55:49:216433,10.31,-18.23,-127.46,-0.05,0.02,1.15
4:7:55:49:216940,11,-18.95,-129.58,-0.11,0.03,1.06
4:7:55:49:217036,10.75,-18.19,-130.14,-0.02,-0.03,1.04
4:7:55:49:217148,10.46,-17.5,-130.62,-0.04,0,1.02
4:7:55:49:217244,9.87,-16.09,-131.02,-0.05,-0.01,1.03
4:7:55:50:217355,9.24,-14.68,-131.49,-0.06,0.08,1.12
4:7:55:50:217435,8.81,-13.46,-132.05,-0.17,0.04,0.99
4:7:55:50:217547,8.28,-12.31,-132.38,-0.01,-0.02,0.99
4:7:55:50:217941,6.77,-9.28,-134.58,-0.15,0.09,1.02
4:7:55:50:218053,7.07,-8.75,-135.06,-0.14,0.13,0.96
4:7:55:50:218149,6.74,-8.54,-135.59,-0.08,0.02,1
4:7:55:50:218261,6.73,-8.46,-136.05,0.01,0.07,1.1
4:7:55:50:218341,6.53,-8.29,-136.47,-0.13,0,0.9
4:7:55:51:218452,6.31,-7.92,-136.92,-0.04,-0.01,0.99
4:7:55:51:218961,4.81,-4.86,-138.17,-0.17,0.04,0.98
4:7:55:51:219035,4.85,-4.49,-138.45,-0.1,0.05,0.82
4:7:55:52:219403,4.45,-4.61,-138.81,-0.07,0.05,0.78
4:7:55:52:219419,3.07,-5.24,-138.71,-0.15,0.05,0.76
4:7:55:52:219449,2.07,-5.6,-138.98,0,0.06,0.87
4:7:55:52:219450,1.59,-5.74,-139.32,-0.02,0.07,0.88
4:7:55:52:219947,3.98,-4.23,-141.03,-0.04,0.1,1.01
4:7:55:52:220074,5,-4,-141.33,-0.02,0.08,0.97
4:7:55:52:220251,6.04,-3.94,-141.66,-0.05,0,0.84
4:7:55:52:220267,6.65,-4.98,-141.91,-0.1,0.04,0.66
4:7:55:53:220347,6.63,-7.21,-142.03,0,0.1,0.73
4:7:55:53:220523,6.36,-10.39,-142.17,-0.03,0.04,0.74
4:7:55:53:221174,4.53,-22.29,-142.23,0.11,0.11,0.73
4:7:55:53:221176,5.18,-16.82,-142.08,-0.09,0.01,0.67
4:7:55:53:221190,6.43,-8.79,-141.6,-0.1,0.06,0.67
4:7:55:53:221302,7.59,-0.52,-141.15,0,0.07,0.86
4:7:55:54:221381,8.73,6.78,-140.5,-0.06,0.05,0.82
4:7:55:54:221430,9.64,12.41,-139.81,-0.04,0.07,0.82
4:7:55:54:222135,10.36,13.52,-140.29,0.05,0.05,0.99
4:7:55:54:222205,9.94,11.14,-140.66,0,0.06,1.06
4:7:55:54:222206,9.49,9.33,-141.03,0.01,0.1,0.96
4:7:55:54:222254,8.76,7.1,-141.27,0.07,0.04,1.02
4:7:55:55:222381,8.18,5.07,-141.29,0.03,0.05,1.04
4:7:55:55:222573,7.85,3.38,-141.33,-0.21,0.06,1.01
4:7:55:55:222954,5.85,-2,-141.5,-0.07,0.19,1.07
4:7:55:55:223049,5.77,-2.5,-141.5,0.01,0.09,1.02
4:7:55:55:223145,5.55,-2.57,-141.43,-0.04,0.14,1
4:7:55:56:223609,5.15,-2.44,-141.4,-0.06,0.08,1.01
4:7:55:56:223689,4.84,-2.28,-141.38,-0.11,0.08,1.01
4:7:55:56:223737,4.73,-2.19,-141.43,-0.08,0.12,0.96
4:7:55:57:225021,4.53,-1.42,-141.79,0.04,0.05,0.95
4:7:55:57:225022,4.48,-0.71,-141.88,-0.08,0.08,0.87
4:7:55:57:225023,4.32,-0.38,-141.86,-0.14,0.07,0.9
4:7:55:57:225024,4.22,-0.27,-141.83,0.02,0.09,0.99
4:7:55:57:225025,4.27,-0.2,-141.85,0.1,0.1,1.04
4:7:55:57:225026,4.11,0.13,-141.79,-0.13,0.14,0.91
4:7:55:57:225066,4.6,1.44,-141.98,0.02,0.03,0.95
4:7:55:57:225091,4.69,1.68,-142.1,0.09,0.03,0.93
4:7:55:57:225155,4.69,1.86,-142.36,0.01,0.09,0.9
4:7:55:57:225314,4.68,1.91,-142.44,0.15,0.08,1.02
4:7:55:58:225361,4.34,2.38,-142.69,0.13,-0.01,1.02
4:7:55:58:225442,4.1,2.56,-142.7,0.05,0.06,1
4:7:55:58:225965,0.24,0.38,-142.52,0.25,0.06,0.98
4:7:55:58:226093,-0.31,-2.8,-142.56,0.22,0.12,0.91
4:7:55:58:226141,-0.54,-4.69,-142.53,0.12,0.08,1.06
4:7:55:58:226269,-0.63,-5.29,-142.49,0.02,-0.06,1.07
4:7:55:58:226333,-0.82,-5.39,-142.82,0.17,-0.05,1.05
4:7:55:59:226493,-0.84,-5.11,-143.09,-0.07,-0.07,0.88
4:7:55:59:226953,-0.12,-1.63,-143.52,-0.07,-0.01,1.13
4:7:55:59:227097,0.11,-1.44,-143.42,-0.09,-0.02,1.17
4:7:55:59:227209,0.26,-1.43,-143.44,0.07,-0.02,1.27
4:7:55:59:227273,0.47,-1.56,-143.31,0.04,0,1.14
4:7:55:59:227337,0.35,-1.98,-143.22,-0.12,-0.04,1.1
4:7:56:0:227434,0.2,-2.37,-143.23,-0.02,-0.01,1.21
4:7:56:0:228148,1.29,-2.3,-143.19,0.03,0.02,1.26
4:7:56:0:228185,2.28,-1.79,-142.86,-0.02,-0.06,1.13
4:7:56:0:228186,3.31,-1.27,-142.45,-0.02,-0.01,1.18
4:7:56:0:228249,3.79,-0.92,-142.16,-0.1,0.01,1.08
4:7:56:1:228345,4.13,-1.11,-141.97,0,-0.04,1.09
4:7:56:1:228457,4.39,-1.43,-141.93,-0.03,0.01,1.13
4:7:56:1:228584,4.45,-1.81,-142.01,0.04,-0.03,1.14
4:7:56:1:228985,4.84,-2.33,-142.15,-0.01,0,1.02
4:7:56:1:229033,4.99,-2.36,-142.25,-0.05,-0.05,1.1
4:7:56:1:229161,4.97,-2.55,-142.54,0.03,-0.05,1.16
4:7:56:1:229242,4.69,-2.73,-142.8,-0.13,-0.02,1.04
4:7:56:1:229337,4.45,-2.98,-143.11,-0.06,0,1.05
4:7:56:2:229433,4.32,-3.06,-143.27,0,0,1.03
4:7:56:2:229575,4.49,-2.84,-143.43,0.13,0.08,1.05
4:7:56:2:229943,6.08,-0.74,-142.97,-0.11,0.02,0.97
4:7:56:2:230038,6.48,-0.34,-142.56,-0.14,-0.02,0.98
4:7:56:2:230150,6.43,-0.34,-142.34,-0.07,0,0.98
4:7:56:2:230246,5.89,-0.57,-142.23,-0.08,0.01,1.04
4:7:56:2:230342,5.29,-0.82,-142.26,-0.16,-0.01,0.94
4:7:56:3:230439,4.82,-1.14,-142.3,-0.17,0.02,0.94
4:7:56:3:230578,4.51,-1.48,-142.29,-0.05,0.03,0.95
4:7:56:3:231076,3.69,-1.99,-142.76,-0.04,0.05,0.97
4:7:56:3:231077,3.65,-2.11,-142.79,0,0,1.02
4:7:56:3:231252,3.62,-2.15,-142.73,-0.1,0.02,1.05
4:7:56:3:231268,3.5,-2.25,-142.76,0.03,0.07,1.05
4:7:56:3:231331,3.57,-2.21,-142.79,-0.12,-0.02,0.96
4:7:56:4:231443,3.58,-2.14,-142.77,-0.07,0.06,0.95
4:7:56:8:235972,3.69,-2.08,-142.94,0,0.06,1.02
4:7:56:8:236212,3.63,-2.11,-142.95,-0.06,0.03,1.04
4:7:56:8:236252,3.59,-1.97,-143.04,-0.13,0.04,1.01
4:7:56:8:236253,3.18,-1.84,-143.04,-0.01,0.04,0.9
4:7:56:8:236284,2.99,-1.68,-142.93,-0.1,0,0.88
4:7:56:8:236323,3.02,-1.72,-142.82,-0.14,0.01,0.93
4:7:56:9:236384,3.73,-2.86,-142.62,-0.05,0.03,1.04
4:7:56:9:236384,3.83,-2.95,-142.69,-0.07,0.05,0.91
4:7:56:9:236385,3.67,-2.96,-142.64,-0.09,0.04,0.98
4:7:56:9:236487,3.43,-3.32,-142.56,-0.21,0.02,0.98
4:7:56:9:236489,3.39,-3.6,-142.52,-0.12,0.04,0.88
4:7:56:9:236489,3.5,-3.52,-142.53,0.05,0.08,1
4:7:56:9:236497,3.63,-2.81,-142.48,-0.11,0.04,1
4:7:56:9:236498,3.7,-2.81,-142.57,0,0.09,0.98
4:7:56:9:236499,3.74,-2.92,-142.54,-0.1,0.09,0.94
4:7:56:9:236500,3.81,-2.81,-142.56,-0.31,0.06,0.88
4:7:56:9:236501,3.66,-2.93,-142.6,-0.09,0.03,0.9
4:7:56:9:236502,3.37,-3.02,-142.58,0.1,0.17,0.97
4:7:56:9:236509,3.04,-2.82,-142.45,0.02,0.08,1.02
4:7:56:9:236510,3.32,-2.76,-142.52,-0.05,0,0.91
4:7:56:9:236511,3.21,-2.58,-142.52,-0.02,0.06,0.95
4:7:56:9:236569,3.25,-2.53,-142.45,-0.13,0,1.02
4:7:56:9:236570,3.23,-2.54,-142.4,-0.01,0.05,1.01
4:7:56:9:236571,3.3,-2.66,-142.3,-0.19,0.05,0.92
4:7:56:9:236578,3.35,-3.12,-142.28,-0.02,0.11,1.02
4:7:56:9:236579,3.45,-2.9,-142.31,-0.09,0.04,0.85
4:7:56:9:236580,3.51,-2.67,-142.32,0.01,0.14,0.86
4:7:56:9:236581,3.69,-2.45,-142.31,-0.03,0.07,1.01
4:7:56:9:236582,3.65,-2.4,-142.4,-0.06,0.1,0.81
4:7:56:9:236584,3.53,-2.51,-142.4,-0.08,0.11,0.84
4:7:56:9:236939,3.29,-2.57,-142.09,-0.23,0,0.79
4:7:56:9:237050,3.21,-2.56,-142.04,-0.2,0.05,0.88
4:7:56:9:237163,3.11,-2.56,-141.98,-0.13,0.04,0.84
4:7:56:9:237258,3.16,-2.6,-142,-0.09,-0.02,0.87
4:7:56:10:237370,3.23,-2.65,-142.09,0,-0.03,0.89
4:7:56:10:237481,3.28,-2.83,-142.18,0,0.05,0.91
4:7:56:10:238027,2.95,-2.85,-142.25,0.08,0.02,0.85
4:7:56:10:238059,2.91,-2.7,-142.09,-0.2,0,0.78
4:7:56:10:238170,2.97,-2.73,-141.97,-0.14,0,0.77
4:7:56:10:238266,2.99,-2.76,-141.94,0.03,0.09,0.75
4:7:56:11:238346,2.98,-2.81,-141.88,-0.05,0.05,0.6
4:7:56:11:238443,2.99,-2.94,-141.92,0.13,0.08,0.74
4:7:56:11:238663,3.06,-3.07,-141.94,-0.08,0.02,0.75
4:7:56:11:238964,3.14,-3.62,-142.28,0.1,0.1,0.6
4:7:56:11:239028,3.1,-3.53,-142.29,-0.21,0,0.78
4:7:56:11:239188,2.99,-3.44,-142.39,-0.03,0.02,0.8
4:7:56:11:239300,2.9,-3.49,-142.33,-0.14,0,0.95
4:7:56:12:239348,2.76,-3.29,-142.17,0.17,0.13,0.82
4:7:56:12:239476,2.72,-2.9,-142.05,0.02,0.06,0.82
4:7:56:12:239560,2.66,-2.68,-141.96,-0.02,-0.02,1.01
4:7:56:12:239944,2.81,-2.68,-141.86,0.04,0.1,1.14
4:7:56:12:240073,3,-2.55,-141.86,0.09,0.07,0.85
4:7:56:12:240136,2.98,-2.59,-141.83,0.02,0.09,1.14
4:7:56:12:240232,2.98,-2.75,-141.86,0.15,0.13,0.91
4:7:56:12:240328,2.95,-3.01,-141.86,-0.01,0.06,1.09
4:7:56:13:240456,2.89,-3.16,-141.74,0.01,0.03,1
4:7:56:13:240972,2.43,-3.14,-141.03,0.09,0.13,0.94
4:7:56:13:241052,2.55,-3.06,-140.94,-0.04,0.02,0.97
4:7:56:13:241147,2.59,-3,-140.89,0,0,1.12
4:7:56:13:241260,2.63,-3.27,-140.85,-0.15,0,1.03
4:7:56:14:241372,2.57,-3.32,-140.77,-0.08,0.03,1.04
4:7:56:14:241435,2.52,-3.3,-140.72,-0.04,-0.01,1.07
4:7:56:14:242180,2.3,-3.33,-140.62,0.1,0.13,0.93
4:7:56:14:242197,2.37,-3.63,-140.59,0,0.01,0.95
4:7:56:14:242261,2.41,-3.84,-140.59,-0.06,0.05,1.09
4:7:56:15:242645,2.37,-3.84,-140.6,0,0.1,0.96
4:7:56:15:242697,2.35,-4.02,-140.55,-0.12,-0.02,0.97
4:7:56:15:242698,2.41,-4.02,-140.47,0.05,0.04,0.97
4:7:56:15:243091,2.39,-3.66,-140.24,-0.08,-0.01,0.9
4:7:56:15:243107,2.31,-3.64,-140.23,-0.08,-0.04,0.9
4:7:56:15:243139,2.23,-3.87,-140.29,0,0.02,1.03
4:7:56:15:243284,2.21,-3.93,-140.3,-0.03,0.05,0.99
4:7:56:16:243396,2.38,-3.82,-140.36,-0.12,-0.03,1
4:7:56:16:243459,2.41,-3.77,-140.44,0.1,0.09,0.99
4:7:56:19:247315,2.5,-4.09,-140.63,-0.08,-0.01,1.07
4:7:56:21:249051,2.48,-3.99,-140.66,-0.08,-0.02,1.04
4:7:56:21:249051,2.49,-3.93,-140.66,-0.11,-0.01,0.82
4:7:56:22:249354,2.49,-3.81,-140.73,-0.02,0.02,0.99
4:7:56:22:249387,2.44,-3.86,-140.8,-0.04,0.04,0.92
4:7:56:22:249503,2.45,-3.85,-140.84,-0.13,0,1.02
4:7:56:22:249629,2.95,-3.37,-141.29,-0.1,-0.02,0.86
4:7:56:22:249630,2.93,-3.28,-141.37,-0.11,-0.04,0.99
4:7:56:22:249630,2.92,-3.27,-141.42,-0.08,0.02,0.89
4:7:56:22:249631,3.02,-3.15,-141.47,-0.15,0.01,1.02
4:7:56:22:249631,3.03,-2.73,-141.48,0.01,0.06,0.82
4:7:56:22:249632,3.22,-2.53,-141.49,-0.05,0.09,0.98
4:7:56:22:249635,3.11,-2.64,-141.46,-0.03,0.02,1.05
4:7:56:22:249636,3.11,-2.78,-141.44,0.03,0.05,1.05
4:7:56:22:249636,3.28,-2.89,-141.46,0.07,0.03,1.16
4:7:56:22:249637,3.4,-3.03,-141.5,-0.07,0.01,1.05
4:7:56:22:249638,3.34,-3.18,-141.53,-0.03,0.08,1.1
4:7:56:22:249638,3.4,-3.17,-141.46,-0.13,-0.01,1.12
4:7:56:22:249931,3.9,-2.62,-140.9,-0.15,0,1.1
4:7:56:22:249932,3.97,-2.48,-140.68,0.05,0.11,0.96
4:7:56:22:249933,4.03,-2.62,-140.58,-0.26,0.02,0.96
4:7:56:22:250050,4.02,-2.63,-140.49,0.06,0.1,1.11
4:7:56:22:250051,4.04,-2.67,-140.46,-0.07,0.01,1.03
4:7:56:22:250051,3.97,-2.85,-140.45,-0.12,0.04,1
4:7:56:22:250056,3.39,-3.21,-140.48,0.05,0.12,0.95
4:7:56:22:250056,3.33,-3.26,-140.59,-0.21,0.03,0.96
4:7:56:22:250057,3.29,-3.22,-140.73,-0.16,0.04,0.88
4:7:56:22:250057,3.25,-3.2,-140.85,-0.13,0.08,1
4:7:56:22:250058,3.28,-3.13,-140.91,-0.01,0.05,0.99
4:7:56:22:250059,3.3,-3.12,-140.94,0.12,0.17,0.97
4:7:56:22:250216,3.46,-3.53,-140.99,-0.1,0.04,0.99
4:7:56:22:250216,3.37,-3.59,-141.01,-0.1,0.06,0.88
4:7:56:22:250217,3.3,-3.64,-141.04,-0.11,0,0.95
4:7:56:22:250218,3.18,-3.54,-141.05,-0.1,0.03,1.03
4:7:56:22:250218,3.02,-3.53,-141.06,0.01,0.05,0.97
4:7:56:22:250219,2.89,-3.45,-141.04,0.02,0.01,1.09
4:7:56:22:250230,2.97,-3.11,-141.42,0.02,0.07,1.04
4:7:56:22:250246,3.01,-3.07,-141.49,-0.02,0.03,1.06
4:7:56:22:250294,2.91,-3.16,-141.44,-0.02,0.13,0.9
4:7:56:22:250326,2.79,-3.27,-141.41,-0.02,0.04,1.1
4:7:56:22:250342,2.75,-3.33,-141.41,-0.03,0.04,1.12
4:7:56:23:250454,2.72,-3.33,-141.39,0.05,0.06,1.05
4:7:56:23:251001,2.52,-3.66,-140.93,0.05,-0.05,0.96
4:7:56:23:251032,2.53,-3.73,-140.94,0.01,0.08,0.99
4:7:56:23:251177,2.57,-3.6,-140.98,-0.01,0.09,1.04
4:7:56:23:251272,2.73,-3.46,-141.07,0.05,0.11,0.92
4:7:56:24:251385,2.85,-3.26,-141.14,0.12,0.13,1.02
4:7:56:24:251433,2.9,-3.09,-141.22,0.11,0.02,1
4:7:56:24:252092,2.61,-2.93,-141.19,-0.19,-0.01,0.96
4:7:56:24:252283,2.58,-2.84,-141.11,-0.22,0.03,1.01
4:7:56:24:252299,2.51,-2.94,-141.11,-0.08,-0.06,1.02
4:7:56:25:252363,2.55,-3.18,-141.08,-0.06,0.05,1.13
4:7:56:25:252458,2.72,-3.4,-141.07,-0.07,0.05,1.01
4:7:56:25:252538,2.9,-3.68,-141.07,0.11,0.09,0.98
4:7:56:26:253351,3.26,-3.38,-141.5,-0.09,0.06,0.91
4:7:56:26:253542,3.16,-3.24,-141.41,-0.17,0.03,0.9
4:7:56:26:253585,2.97,-3.21,-141.3,0.02,0.1,0.9
4:7:56:26:253585,2.84,-3.09,-141.18,-0.19,0.01,0.93
4:7:56:26:253617,2.83,-2.87,-141.01,-0.13,0.06,0.9
4:7:56:26:253649,2.68,-2.91,-140.84,-0.19,-0.01,0.97
4:7:56:26:254229,2.22,-3.04,-140.43,-0.05,0.04,1.08
4:7:56:26:254297,2.25,-3.15,-140.52,0.07,0.03,1.04
4:7:56:26:254297,2.21,-3.22,-140.64,0.08,-0.01,1.03
4:7:56:26:254297,2.19,-3.31,-140.64,0.09,0.11,0.87
4:7:56:27:254537,2.06,-3.46,-140.56,-0.03,0.12,1.1
4:7:56:27:254585,2.03,-3.31,-140.53,-0.09,0.02,1.07
4:7:56:27:254957,2.37,-2.7,-139.83,-0.08,0.01,1.03
4:7:56:27:255035,2.53,-2.6,-139.72,-0.1,0.06,1.02
4:7:56:27:255131,2.57,-2.56,-139.74,-0.02,0.04,0.98
4:7:56:27:255275,2.63,-2.73,-139.74,-0.06,0.03,0.97
4:7:56:28:255371,2.69,-3,-139.79,-0.1,-0.04,1.01
4:7:56:28:255515,2.65,-3.22,-139.82,0,0,1.01
4:7:56:29:257179,2.62,-2.85,-139.86,0.09,0.11,0.98
4:7:56:29:257257,2.58,-2.94,-139.83,-0.2,0.03,1
4:7:56:29:257258,2.49,-2.97,-139.87,-0.11,-0.05,1.02
4:7:56:29:257259,2.26,-3.18,-139.95,-0.04,-0.03,1.08
4:7:56:30:257369,2.09,-3.46,-140.12,-0.03,0.04,0.93
4:7:56:30:257401,1.97,-3.63,-140.36,-0.01,0.06,0.89
4:7:56:31:258386,1.83,-2.57,-139.95,-0.03,-0.03,1.11
4:7:56:31:258417,2.07,-2.47,-140.06,-0.04,0.03,0.9
4:7:56:31:258418,2.23,-2.53,-140.18,0.01,0.1,0.94
4:7:56:31:258419,2.33,-2.78,-140.21,-0.13,0.02,0.91
4:7:56:31:258420,2.42,-2.95,-140.25,-0.03,0.08,1
4:7:56:31:258481,2.51,-2.7,-140.3,-0.11,0,1.02
4:7:56:31:258662,2.76,-2.96,-140.45,-0.04,0.01,0.86
4:7:56:31:258676,2.52,-3.06,-140.47,-0.04,0.05,1.01
4:7:56:31:258698,2.19,-3.08,-140.49,-0.03,-0.03,1.05
4:7:56:31:258699,1.98,-2.95,-140.56,-0.04,0.05,0.96
4:7:56:31:258874,2.04,-2.72,-140.69,0.06,0.02,0.82
4:7:56:31:258874,2.02,-2.64,-140.77,-0.11,0.04,1.02
4:7:56:31:259069,2.06,-2.94,-140.66,-0.08,-0.06,1.03
4:7:56:31:259070,2.15,-2.9,-140.65,0.11,0.16,0.84
4:7:56:31:259164,2.35,-2.8,-140.72,-0.11,0.03,0.95
4:7:56:31:259292,2.49,-2.77,-140.72,-0.1,0.06,1.08
4:7:56:32:259465,2.53,-2.69,-140.71,-0.07,0.02,1.01
4:7:56:32:259466,2.6,-2.63,-140.74,0.1,0.08,1
4:7:56:32:260034,2.64,-2.48,-140.59,-0.01,0.09,0.99
4:7:56:32:260227,2.98,-2.51,-140.73,0.05,0.1,0.96
4:7:56:32:260307,3.16,-2.57,-140.85,0,0.04,0.99
4:7:56:33:260355,3.33,-2.32,-140.94,-0.17,-0.01,0.99
4:7:56:33:260371,3.37,-1.99,-141.07,-0.14,0.02,1.05
4:7:56:33:260675,3.26,-1.7,-141.23,0.1,0.07,0.95
4:7:56:33:260984,2.41,-2.68,-141.47,-0.04,0.04,1.03
4:7:56:33:261144,2.36,-2.35,-141.32,-0.14,0.03,0.89
4:7:56:33:261208,2.24,-2.21,-141.2,0.03,0.13,1.01
4:7:56:34:261449,2.23,-2.15,-141.01,-0.16,-0.02,1.01
4:7:56:34:261465,2.42,-2.17,-140.9,-0.03,0.04,0.97
4:7:56:34:261544,2.59,-2.27,-140.82,-0.03,0.08,0.91
4:7:56:34:262236,3.53,-2.53,-141.15,0.18,0.2,1
4:7:56:35:262383,3.66,-2.65,-141.34,-0.12,-0.02,0.98
4:7:56:35:262384,3.77,-2.77,-141.41,0.02,0.11,0.91
4:7:56:35:262385,3.64,-2.93,-141.48,-0.07,0.03,1.1
4:7:56:35:262958,3.68,-3.02,-141.58,-0.02,-0.02,0.91
4:7:56:35:262990,3.59,-3.07,-141.59,-0.03,0.05,0.92
4:7:56:35:263061,3.06,-3.17,-140.6,-0.11,0,1.02
4:7:56:35:263062,3.16,-3.06,-140.3,-0.04,0.08,1.08
4:7:56:35:263138,3.23,-3.04,-140.11,0.03,0.11,1.04
4:7:56:35:263250,3.12,-3.26,-140.03,-0.09,0.01,0.84
4:7:56:35:263331,3.05,-3.3,-140.02,-0.11,0.09,0.92
4:7:56:36:263459,3.09,-3.28,-140.05,-0.14,0.01,0.98
4:7:56:36:264009,4.41,-3.4,-139.89,-0.05,0.08,1.2
4:7:56:36:264120,4.46,-3.47,-139.82,0.12,0.16,0.9
4:7:56:36:264137,4.42,-3.42,-139.71,0.08,0.11,0.92
4:7:56:36:264296,4.48,-3.12,-139.72,-0.13,0,1.01
4:7:56:37:264393,4.46,-3.06,-139.8,-0.02,0.09,0.96
4:7:56:37:264440,4.4,-3.36,-140.01,-0.11,0.09,0.97
4:7:56:37:264930,4.95,-3.9,-140.09,-0.01,0.1,0.99
4:7:56:37:265040,4.6,-4.04,-139.96,-0.02,0.11,1.23
4:7:56:37:265169,4.4,-3.95,-139.71,-0.06,0.11,0.89
4:7:56:37:265249,4.44,-3.82,-139.49,-0.14,0.04,1.13
4:7:56:38:265361,4.61,-3.93,-139.51,0.02,0.08,0.86
4:7:56:38:265553,4.69,-3.67,-139.61,-0.02,0.11,1.01
4:7:56:39:267309,4.57,-3.28,-140.41,-0.03,0.05,0.94
4:7:56:40:268236,4.38,-3.17,-140.5,-0.08,0.04,1.14
4:7:56:41:268540,4.39,-3.12,-140.6,0.07,0.13,0.78
4:7:56:41:268588,4.53,-3.31,-140.67,-0.04,0.06,1.23
4:7:56:41:269276,4.8,-3.42,-140.64,-0.01,0.08,0.83
4:7:56:44:271550,4.99,-3.6,-140.6,-0.13,0.05,1.11
4:7:56:44:271944,5.86,-3.15,-140.61,-0.14,0.04,1
4:7:56:44:271945,5.66,-3.29,-140.5,-0.21,0.03,1.03
4:7:56:44:272054,5.61,-3.36,-140.41,0.03,0.13,0.94
4:7:56:44:272071,5.53,-3.69,-140.33,-0.11,0.05,1.11
4:7:56:44:272263,5.37,-3.96,-140.23,0.03,0.1,1
4:7:56:45:272631,5.43,-3.95,-140.19,-0.15,0.04,0.97
4:7:56:48:276203,4.88,-4.05,-139.74,-0.15,0.04,1.01
4:7:56:48:276204,4.75,-4.15,-139.71,0.05,0.11,0.92
4:7:56:48:276205,4.65,-4.25,-139.75,-0.11,0.07,1.06
4:7:56:49:277066,4.58,-4.2,-139.85,-0.15,0.08,0.9
4:7:56:49:277087,4.46,-4.26,-139.93,-0.05,0.02,1.05
4:7:56:49:277088,4.32,-4.33,-140,-0.18,0.08,0.89
4:7:56:56:283770,3.23,-4.75,-140.87,-0.16,-0.01,1.04
4:7:56:56:283771,2.95,-4.85,-140.76,-0.05,0.07,0.92
4:7:56:56:283772,2.99,-5.13,-140.69,0,0.08,0.98
4:7:56:57:284570,3.33,-5.22,-140.69,0,-0.02,1.01
4:7:56:57:284571,3.63,-5.33,-140.61,-0.11,0.13,0.86
4:7:56:57:284572,4.22,-5.17,-140.58,-0.2,0.01,1.08
4:7:57:13:300780,3.46,-4.83,-140.57,-0.14,0.05,1.01
4:7:57:13:300781,3.23,-4.98,-140.59,-0.01,0.12,0.92
4:7:57:13:300781,3.11,-5.1,-140.57,-0.06,0.07,0.77
4:7:57:15:302811,3.14,-5.12,-140.62,-0.12,-0.05,1.04
4:7:57:15:302832,3.27,-5.32,-140.66,0.02,0.06,0.9
4:7:57:15:302833,3.45,-5.38,-140.65,-0.11,0.03,0.93
4:7:57:16:303465,3.54,-5.09,-140.39,-0.15,0.14,0.78
4:7:57:16:303466,3.62,-5.23,-140.37,-0.21,0.02,0.9
4:7:57:16:303467,3.84,-5.27,-140.4,-0.06,0.08,0.81
4:7:57:16:303468,4.03,-5.29,-140.34,-0.14,0,0.73
4:7:57:16:303469,4.15,-5.28,-140.27,-0.04,0.07,1.12
4:7:57:16:303470,4.37,-5.14,-140.2,0,0.04,0.7
4:7:57:17:305119,4.67,-5.22,-140.02,-0.13,0,0.86
4:7:57:17:305120,4.65,-5.28,-140.09,-0.1,0.11,0.7
4:7:57:17:305121,4.54,-5.29,-140.19,-0.14,0.03,0.85
4:7:57:18:305379,4.42,-5.39,-140.34,-0.24,0.01,0.81
4:7:57:18:305380,4.32,-5.31,-140.53,0.02,0.08,0.93
4:7:57:18:305381,4.22,-5.2,-140.66,-0.02,0.17,0.71
4:7:57:19:306592,3.82,-5.35,-141.21,-0.19,0.08,1
4:7:57:19:306657,4.19,-5.28,-141.26,-0.11,0.05,1.06
4:7:57:19:306658,4.49,-5.21,-141.38,-0.07,0.04,1.07
4:7:57:19:306659,4.66,-5.17,-141.34,-0.1,0.07,0.97
4:7:57:19:306660,4.72,-5.18,-141.37,-0.11,0.08,1.04
4:7:57:19:306661,4.78,-5.21,-141.39,-0.19,0.04,1.16
4:7:57:19:306720,4.59,-5.24,-141.23,-0.13,0,1.03
4:7:57:19:306721,4.63,-5.38,-141.16,-0.03,0.07,0.99
4:7:57:19:306722,4.59,-5.42,-141.14,-0.18,-0.04,0.95
4:7:57:19:306723,4.55,-5.33,-141.04,0.01,0.13,0.82
4:7:57:19:306724,4.58,-5.37,-141.05,0.09,0.16,0.85
4:7:57:19:306725,4.47,-5.4,-141.03,0.02,0.1,0.93
4:7:57:19:306726,4.48,-5.34,-141.01,-0.2,0,0.96
4:7:57:19:306973,4.79,-5.02,-141.18,-0.2,0.04,1
4:7:57:19:306974,4.64,-5,-141.2,-0.24,0.06,0.86
4:7:57:19:306976,4.61,NaN,1,6,4.41,-5.32
4:7:57:19:306978,4.28,-5.43,-140.8,0.02,0.03,1.12
4:7:57:19:306979,4.14,-5.43,-140.76,0.13,0.14,0.94
4:7:57:19:307025,4.85,-5.22,-140.09,-0.29,0.08,0.88
4:7:57:19:307234,4.96,-5.16,-140.18,-0.26,-0.01,0.89
4:7:57:19:307235,5.06,-5.14,-140.2,-0.1,0.09,0.97
4:7:57:19:307236,5.11,-5.01,-140.15,-0.22,0.07,1.02
4:7:57:19:307330,5.11,-4.94,-140.15,-0.3,0.03,0.98
4:7:57:19:307331,5.11,-4.94,-140.1,-0.18,0.07,1
4:7:57:20:307793,4.98,-4.76,-139.22,-0.12,0.01,0.77
4:7:57:20:307794,5.06,-4.93,-139.2,-0.15,0.06,0.61
4:7:57:23:311310,5.48,-4.52,-140.57,-0.25,0.07,0.86
4:7:57:23:311312,5.37,-4.66,-140.6,-0.06,0.1,1.04
4:7:57:24:311450,5.08,-4.87,-140.18,0.06,0.06,1.16
4:7:57:24:311450,4.26,-8.86,-139.72,-0.08,-0.28,0.91
4:7:57:24:311523,-27.17,29.52,178.57,0.5,-0.38,0.76
4:7:57:24:311524,-32.65,28.3,178.91,0.49,-0.64,0.66
4:7:57:24:311525,-23.93,26.9,-169.08,0.35,-0.21,0.8
4:7:57:24:311526,-31.82,27.01,-166.72,0.45,-0.58,0.68
4:7:57:24:311527,-28.06,25.86,-155.17,0.22,-0.28,0.99
4:7:57:24:311528,-28.56,19.75,-150.25,0.37,-0.45,0.9
4:7:57:24:311940,-47.62,9.41,-128.33,0.36,-0.51,0.77
4:7:57:24:311941,-38.23,16.05,-119.75,0.22,-0.48,0.92
4:7:57:24:311942,-26.19,22.77,-120.88,0.3,-0.51,1.05
4:7:57:24:311943,-21.09,26.3,-137.86,0.42,-0.55,0.8
4:7:57:24:311944,-22.51,32.96,-160.16,0.33,-0.48,0.76
4:7:57:24:311945,-19.65,37.69,-177.31,0.38,-0.38,0.8
4:7:57:24:311952,-47.9,38.2,-171.19,0.39,-0.5,0.83
4:7:57:24:311953,-47.77,40.98,-155.46,0.39,-0.57,0.81
4:7:57:24:311954,-36.98,39.14,-138.99,0.32,-0.38,0.82
4:7:57:24:311955,-30.52,35.12,-128.91,0.37,-0.41,0.76
4:7:57:24:311956,-27.97,29.8,-123.74,0.49,-0.59,0.7
4:7:57:24:311957,-25.65,25.8,-119,0.42,-0.44,0.79
4:7:57:24:311964,-29.29,27.27,-142.51,0.47,-0.61,0.74
4:7:57:24:311964,-31.65,27.47,-156.68,0.5,-0.55,0.71
4:7:57:24:311965,-30.77,24.23,-168.71,0.49,-0.56,0.75
4:7:57:24:311966,-27.07,21.23,-176.47,0.46,-0.47,0.82
4:7:57:24:311967,-24.44,19.2,-179.45,0.46,-0.52,0.77
4:7:57:24:311968,-27.58,26.06,-178.85,0.39,-0.39,0.92
4:7:57:24:311974,-48.28,45.3,-175.97,0.56,-0.52,0.86
4:7:57:24:311975,-38.68,34.24,-166.11,0.53,-0.54,0.84
4:7:57:24:311976,-27.26,26.76,-157.19,0.41,-0.3,0.93
4:7:57:24:311976,-28.42,25.89,-158.91,0.46,-0.5,0.75
4:7:57:24:311977,-29.01,30.91,-162.2,0.44,-0.36,0.81
4:7:57:24:311978,-39.79,34.3,-173.09,0.51,-0.58,0.71
4:7:57:24:311984,-33.08,27.82,-152.71,0.55,-0.52,0.75
4:7:57:24:311985,-30.01,27.03,-152.44,0.5,-0.5,0.76
4:7:57:24:311986,-28.28,25.99,-155.85,0.44,-0.43,0.8
4:7:57:24:311986,-27.74,23.1,-160.89,0.42,-0.44,0.81
4:7:57:24:311987,-26.26,19.84,-162.89,0.48,-0.54,0.77
4:7:57:24:311989,-24.53,16.07,-161.22,0.52,-0.52,0.76
4:7:57:24:311994,-27.13,12.36,-118.09,0.48,-0.53,0.75
4:7:57:24:311995,-27.65,15.69,-114.11,0.38,-0.38,0.85
4:7:57:24:311996,-27.06,18.95,-114.69,0.42,-0.42,0.76
4:7:57:24:311997,-27.65,20.62,-122.61,0.36,-0.38,0.72
4:7:57:24:311998,-26.88,22.31,-133.81,0.35,-0.33,0.66
4:7:57:24:311999,-25.35,22.73,-146.37,0.36,-0.38,0.61
4:7:57:24:311999,-22.13,24.05,-157.39,0.37,-0.37,0.57
4:7:57:24:312005,-18.99,25.05,176.57,0.3,-0.35,0.53
4:7:57:24:312006,-20.23,24.17,-177.49,0.3,-0.32,0.52
4:7:57:24:312007,-22.16,23.72,-169.33,0.33,-0.32,0.53
4:7:57:24:312008,-22.73,22.13,-160.42,0.29,-0.31,0.56
4:7:57:24:312009,-24.11,20.88,-152.86,0.3,-0.33,0.54
4:7:57:24:312010,-25.63,20.31,-146.46,0.35,-0.35,0.53
4:7:57:25:312513,-21.12,6.36,-99.62,0.25,-0.32,0.79
4:7:57:25:312514,-26.62,14.89,-99.55,0.27,-0.42,0.89
4:7:57:25:312515,-27.25,27.49,-108.11,0.43,-0.64,0.97
4:7:57:25:312515,-29.23,38.25,-133.27,0.27,-0.36,0.79
4:7:57:25:312517,-44.26,34.07,-174.36,0.46,-0.65,0.68
4:7:57:25:312517,-37.06,31.9,164.63,0.44,-0.48,0.79
4:7:57:25:312524,-28.37,48.87,117.9,0.37,-0.48,0.82
4:7:57:25:312525,-30.08,35.3,117.26,0.47,-0.46,0.8
4:7:57:25:312526,-29.44,15.57,121.3,0.51,-0.61,1.02
4:7:57:25:312527,-30.53,-1.71,134.5,0.69,-0.73,0.87
4:7:57:25:312528,-36.17,-29.23,152.59,0.56,-0.42,0.79
4:7:57:25:312529,-65.94,-34.38,179.58,0.21,-0.59,0.97
4:7:57:25:312581,-93.31,-8.29,-176.37,0.5,-0.61,0.54
4:7:57:25:312960,10.19,-38.64,-75.82,0.03,-0.3,1
4:7:57:25:313152,41.75,1.72,-117.42,0.21,-1.06,0.74
4:7:57:25:313183,86.01,45.32,-110.9,0.33,-0.05,0.5
4:7:57:26:313386,-92.45,77.75,76.21,0.34,-0.8,1.28
4:7:57:26:313387,-75.61,24.26,107.03,1.1,-0.22,1.44
4:7:57:26:313530,-64.34,-10,138.78,0.77,-0.84,1.7
4:7:57:26:314027,-52.17,-17.42,-147.8,0.57,-1.46,1.39
4:7:57:26:314044,-7.9,24.65,-172.99,0.24,-1.41,2.23
4:7:57:26:314155,-78.63,51.69,92.96,0.48,-0.51,1.99
4:7:57:26:314331,-114.6,-9.56,87.55,0.38,-1.39,0.78
4:7:57:27:314347,-130.72,-8.32,109.74,0.26,-0.56,0.8
4:7:57:27:314507,-148.7,10.61,104.09,0.11,-0.65,0.29
4:7:57:27:314932,-72.15,13.75,-101.88,0.53,-0.77,0.87
4:7:57:27:315028,-82.1,26.44,-84.76,0.5,-0.55,0.42
4:7:57:27:315331,-53.43,17.32,-55.83,0.25,-0.34,0.67
4:7:57:28:315359,-2.4,3.51,-88.48,-0.69,-1.06,1.99
4:7:57:28:315360,-83.2,59.08,115.38,0.09,-1.96,0.76
4:7:57:28:315455,-97.19,-17.1,69.41,0.23,-0.36,0.76
4:7:57:28:315966,-45.99,35.59,-63.18,0.58,-0.61,0.64
4:7:57:28:316094,-51.28,37.78,-76.61,0.53,-0.5,0.58
4:7:57:28:316141,-50.12,39.29,-84.47,0.45,-0.51,0.93
4:7:57:28:316252,-46.7,30.13,-91.1,0.69,-0.57,0.65
4:7:57:29:316438,-20.49,-10.37,-79.04,0.83,-0.85,1.6
4:7:57:29:316439,5.99,-62.89,-79.92,0.32,-0.7,1.47
4:7:57:29:317085,-18.02,19.66,-177.89,0.95,-1.37,2.19
4:7:57:29:317086,-51.43,-11.76,-179.41,0.32,-1.36,1.31
4:7:57:29:317160,-80.91,18.06,-149.76,0.48,-0.68,0.89
4:7:57:30:317385,-95.76,69.77,-117.23,0.53,-1.33,0.4
4:7:57:30:317401,-2.78,49.74,8.81,0.33,-0.55,1.06
4:7:57:30:317432,-42.63,36.73,38.53,1.12,-1.3,2.03
4:7:57:30:318303,37.85,14.88,-129.4,0.59,-0.94,1.52
4:7:57:30:318342,12.4,0.63,-144.55,0.65,-0.68,1.34
4:7:57:30:318343,-20.94,-5.79,-145.33,0.82,-0.84,1.27
4:7:57:31:318358,-49.14,14.19,-126.11,0.92,-1,1.24
4:7:57:31:318375,-50.23,39.19,-100.51,0.48,-0.71,0.98
4:7:57:31:318438,-18.69,44.46,-57.73,0.42,-0.42,0.81
4:7:57:31:318938,-103.09,-19.42,-6.69,0.21,-0.53,0.74
4:7:57:31:319034,-98.27,-6.44,-11.59,0.17,-0.51,0.79
4:7:57:31:319162,-85.49,12.9,-15.02,0.39,-0.77,1.05
4:7:57:31:319242,-58.85,27.21,-2.89,0.57,-0.69,1.06
4:7:57:31:319338,-25.52,14.52,19.6,0.46,-0.28,0.81
4:7:57:32:319482,-20.48,-8.87,21.1,0.29,-0.36,0.55
4:7:57:32:319602,-28.07,-23.66,14.04,0.63,-0.52,1
4:7:57:32:320334,-5.22,-51.71,-67.29,0.33,-0.59,1.01
4:7:57:33:320351,0.12,-35.77,-88.63,0.25,-0.63,1.21
4:7:57:33:320377,-7.78,-6.46,-98.93,0.38,-0.7,1.23
4:7:57:33:320378,-18.88,23.22,-113.6,0.61,-0.74,1
4:7:57:33:320394,-26.91,39.94,-130.98,0.45,-0.39,0.61
4:7:57:33:320553,-27.01,38.76,-145.04,0.48,-0.88,0.87
4:7:57:33:321035,-36.88,59.63,151.25,0.8,-0.59,0.54
4:7:57:33:321052,-5.13,47.02,178.44,0.54,-0.3,0.72
4:7:57:34:321434,-10.51,31.77,179.17,0.49,-0.76,0.66
4:7:57:34:321576,2.95,13.94,-166.67,0.33,-0.25,0.84
4:7:57:34:321577,-0.98,9.32,-159.41,0.33,-0.76,0.76
4:7:57:34:321600,20.97,10.89,-130.15,0.2,-0.15,1.08
4:7:57:34:321601,27.15,28.71,-106.71,0.34,-1.01,1.27
4:7:57:34:321980,-43.83,62.43,-136.69,0.4,-0.41,0.47
4:7:57:34:322198,-26.47,33.25,-149.55,0.67,-1.14,1.28
4:7:57:34:322199,1.57,43.64,160,0.13,-0.95,1.76
4:7:57:34:322245,-97.83,56.55,11.05,0.19,-0.68,0.68
4:7:57:34:322342,-98.38,-3.53,-11.94,-0.06,-0.43,0.54
4:7:57:35:322437,-109.62,-25.86,-7.73,0.12,-0.61,0.64
4:7:57:35:322548,-99.6,-12.3,4.71,0.63,-0.13,0.44
4:7:57:35:322926,-67.64,-17.96,142.01,0.22,-0.16,0.79
4:7:57:35:323053,-75.85,-33.3,123.34,0.16,-0.5,0.74
4:7:57:35:323165,-65.58,-28.17,110.13,0.48,-0.37,0.93
4:7:57:35:323245,-66.5,-30.11,83.33,0.52,-0.84,1.31
4:7:57:36:323357,-64.48,-20.52,57.86,0.77,-0.42,1.09
4:7:57:36:323438,-70.16,-20.06,32.13,0.48,-1.18,1.35
4:7:57:36:323956,-86.37,11.52,82.96,1.01,-0.71,1.63
4:7:57:36:324037,-95.77,-5.26,128.52,0.59,-0.82,1.32
4:7:57:36:324165,-116.59,-1.73,145.84,0.33,-0.4,0.67
4:7:57:36:324245,-133.41,8.81,150.41,0.26,-0.57,0.62
4:7:57:36:324340,-141.53,32.3,133.59,0.32,-0.42,0.53
4:7:57:37:324469,-150.58,62.91,111.57,0.73,-1.12,0.76
4:7:57:37:324948,33.32,8.42,-103.18,0.08,-0.29,1.06
4:7:57:37:325044,25.53,30.7,-80.33,0.33,-0.67,1.59
4:7:57:37:325172,35.05,68.6,-44.05,0.61,-0.67,0.81
4:7:57:37:325252,95.46,74.6,19.96,0.57,-0.44,0.58
4:7:57:38:325348,127.48,75.89,45.68,0.51,-0.5,0.68
4:7:57:38:325460,133.65,82.21,34.33,0.46,-0.48,0.73
4:7:57:38:325937,-48.35,66.08,110.16,0.3,-0.16,0.63
4:7:57:38:326033,-76.86,48.45,77.91,0.32,-0.48,0.68
4:7:57:38:326144,-77.71,22.17,68.73,0.42,-0.61,0.95
4:7:57:38:326240,-48.73,-8.67,74.15,1.05,-1.06,1.21
4:7:57:38:326336,2.85,-31.74,65.77,0.4,-0.81,1.33
4:7:57:39:326449,28.21,-9.26,53.21,0.19,-0.29,0.35
4:7:57:39:326575,50.67,21.42,45.19,0.21,-0.13,0.31
4:7:57:39:326936,-66.71,52.84,125.93,0.22,-0.48,0.76
4:7:57:39:327048,-71.26,30.73,101.17,0.23,-0.6,0.96
4:7:57:39:327160,-63.22,8.06,86.6,0.36,-0.61,0.88
4:7:57:39:327240,-50.93,-16.62,70.42,0.31,-0.72,0.95
4:7:57:39:327336,-24.9,-26.72,56.81,0.3,-0.42,0.9
4:7:57:40:327448,-5.47,-23.12,42,0.27,-0.41,0.74
4:7:57:40:327544,5.39,-15.63,29.78,0.31,-0.5,0.74
4:7:57:41:328941,-80.45,59.43,156.42,0.42,-0.65,1.09
4:7:57:41:329036,56.53,89.69,-42.27,0.64,-0.79,0.98
4:7:57:41:329149,49.58,54.14,-46.04,0.48,-0.27,0.69
4:7:57:41:329260,21.97,5.3,-88.69,0.37,-1.09,1.6
4:7:57:42:329373,-4.08,-43.18,-90.18,0.08,-0.67,0.86
4:7:57:42:329452,-75.1,-44.33,-31.72,0.03,-0.55,0.47
4:7:57:42:329549,-92.13,1.2,12.43,0.22,-0.87,0.84
4:7:57:42:329946,0.29,48.03,-69.5,0.47,-0.69,0.35
4:7:57:42:330042,24.56,24.52,-42.25,0.32,-0.26,0.8
4:7:57:42:330138,27.96,17.1,-40.16,0.51,-0.51,0.77
4:7:57:42:330234,25.14,9.57,-63.13,0.39,-0.58,0.95
4:7:57:42:330329,24.09,0.64,-94.95,0.39,-0.53,1.07
4:7:57:43:330441,19.25,-1.72,-125.27,0.25,-0.54,1.1
4:7:57:43:330546,11.23,0.64,-151.58,0.4,-0.52,1.18
4:7:57:43:330950,-97.67,20.86,102.5,0.84,-0.97,1.52
4:7:57:43:331046,-115.89,-10.88,111.52,0.68,-1,0.98
4:7:57:43:331158,-128.5,-29.26,133.35,0.41,-0.55,0.86
4:7:57:43:331239,-130.59,-36.62,149.62,0.33,-0.5,0.59
4:7:57:43:331334,-134.55,-37.91,170.67,0.21,-0.43,0.66
4:7:57:44:331446,-119.36,-35.01,159.35,0.09,-0.44,1.01
4:7:57:44:331943,148.95,71.92,-145.67,0.11,0.23,-0.04
4:7:57:44:332070,87.36,76.64,130.83,0.06,0.2,-0.01
4:7:57:44:332150,38.92,71.29,70.38,0.17,0.11,-0.06
4:7:57:44:332230,13.83,48.28,44.14,0.05,0.38,0.36
4:7:57:44:332326,-2.65,23.04,33.71,0.04,0.24,1.06
4:7:57:45:332437,-12.52,13.65,11.82,0.42,-0.17,1.19
4:7:57:45:332974,17.2,17.48,-149.6,-0.14,-0.07,0.88
4:7:57:45:333053,8.36,-27.17,-173.43,-1.34,-0.95,-0.35
4:7:57:45:333150,165.64,-64.84,25.27,-0.67,-0.91,0.06
4:7:57:45:333246,141.07,-23.11,7.84,-0.14,-0.27,-0.03
4:7:57:46:333358,84.21,-6.76,-17.45,-0.08,-0.31,0.07
